2016-12-05 22:11:58,Didn't make it to #WiML2016? Check out all 10 awesome talk videos on #periscope https://t.co/mCQxhXYdL9? #MachineLearning #nips2016,0,0
2016-12-05 15:13:18,Last invited talk for #WiML2016! https://t.co/g6EXjVDXkE,2,1
2016-12-05 10:33:42,@AnimaAnandkumar is speaking now #WiML2016 https://t.co/5E5lqcFYyN,1,3
2016-12-05 08:52:33,We have a 2 hour poster session @WiMLworkshop from 130-330 area 5+6+7+8 level P0. #nips2016 attendees welcome! @NipsConference  #WiML2016,3,6
2016-12-05 08:22:56,#WiML2016 research mentorship roundtables aka mini panels. https://t.co/ZGapenAWed,2,1
2016-12-05 07:18:15,Check out the periscope live stream! #WiML2016 https://t.co/zCKWKFGDfo,6,6
2016-12-04 11:21:12,Come register for #WiML2016! https://t.co/Mzbr1pwhZU,4,1
2016-12-04 06:08:11,Arrived in Barcelona for #WiML2016 and #NIPS2016! Along with half my flight.,12,1
2016-12-03 14:40:52,Super proud of the #WiML2016 team! https://t.co/N7U3wKdZ8s,13,1
2016-11-15 16:42:21,More CS content including #machinelearning! https://t.co/HOcwVMMxAC,4,0
2016-11-14 19:09:49,"Check out our #NIPS2016 spotlight video for our paper ""Edge-exchangeable graphs and sparsity"": https://t.co/Sh3Sbta5JF @ta_broderick",17,0
2016-11-01 13:47:23,Looking forward to another great year of WiML! #WiML2016 #NIPS2016 #Barcelona https://t.co/qkCc4ZD8C3,8,2
2016-10-30 18:42:33,Last chance to register for @WiMLworkshop https://t.co/BNRSR4ogtg #WiML2016 closes Nov. 1,8,10
2016-10-29 16:36:13,New blog post and survey on Extremal Regular Graphs from Yufei Zhao: https://t.co/v3GHHIXStd,1,0
2016-10-19 12:36:14,"Deep Amortized Inference for Probabilistic Programs (Ritchie, Horsfall, Goodman) https://t.co/inBqVMs5Sy #PPL #MachineLearning #DeepLearning",7,0
2016-10-19 12:34:32,"Semi-supervised knowledge transfer, #DeepLearning, and privacy: https://t.co/h71kOcxXZ5 (by Papernot, Abadi, Erlingsson, Goodfellow, Talwar)",7,2
2016-10-19 12:32:08,"Check out ""Rejection sampling variational inference"" by Naesseth, Ruiz, Linderman, Blei https://t.co/MZVfZlan3f @scott_linderman üî•üî•",8,2
2016-10-18 11:59:47,"Simultaneous Learning of Trees and Representations for Extreme
  Classification + Language Modeling https://t.co/IwONN4JqD4 Jernite et al",1,0
2016-10-17 18:28:00,Lecture notes on spectral graph methods by Michael Mahoney: https://t.co/ppcmUezr5D #MachineLearning,5,1
2016-10-17 15:03:35,"#WiML2016 registration is full, but join the waitlist - spots may open up due to cancelations / if we get more space https://t.co/1wR69XAEZa",2,2
2016-10-15 01:45:43,Very cool-looking course on statistical network modeling including topics like exchangeability and graph limits: https://t.co/NQWbZU2esq,17,8
2016-10-05 14:31:34,New online course on #DataScience from @MIT IDSS https://t.co/OvKEyWG9Lw,1,0
2016-10-04 19:00:32,Video from @IBMResearch on @bonolomathibela's work which uses live #Twitter + traffic data to reduce road congestion https://t.co/iaaQxtxOWW,5,2
2016-10-04 18:32:52,Live stream from the Simons institute's workshop on Uncertainty in Computation https://t.co/nhqUiyrtYy (abstracts: https://t.co/bm0b683uql),2,0
2016-10-04 17:53:49,Another great profile from @WiMLworkshop on @bonolomathibela #MachineLearning https://t.co/lMOqvPcdBf,5,2
2016-10-03 22:21:33,#TMW you registered for #NIPS2016 too late and they're out of mugs üò≠üò≠üò≠ @NipsConference #lessonlearned,6,0
2016-10-03 14:55:36,Learn about natural gradients + stochastic variational inference from @_amiller_! #MachineLearning #SVI https://t.co/nBpnmFYH4M,4,0
2016-09-30 12:18:34,"New preprint out! Exchangeable trait allocations w/ paintboxes, probability functions, and edge-exchangeable graphs‚Ä¶ https://t.co/ysXmGsT7Qy",10,5
2016-09-27 21:34:26,Get ready for an awesome #WiML2016 workshop! Registration for is free and all genders are encouraged to attend. https://t.co/xyzZJ8j7yn,14,6
2016-09-26 20:47:35,"Verifying I'm human on #PhysRevE: ""Please click on the image of Albert Einstein below"" https://t.co/H65p1jtQgT",2,0
2016-09-26 19:14:30,Awesome application of #MachineLearning to making real-time predictions using large-scale digital histories and hum‚Ä¶ https://t.co/MKVOq0WcBH,3,4
2016-09-23 23:48:03,Cool paper on detecting events in documents #MachineLearning #NLP https://t.co/jXS1Sx17bP,5,0
2016-09-21 02:29:02,.@DavidDuvenaud looks super cool! #Advanced #MachineLearning #CourseSyllabus https://t.co/6X99DAyBwZ,4,1
2016-09-20 14:44:25,Check out @dustinvtran's talk on Edward - a probabilistic modeling library #MachineLearning https://t.co/9oWGgNCq37,8,2
2016-09-16 20:53:30,Awesome profile on Been Kim -- one of the speakers last year @ #WiML2015 #MachineLearning https://t.co/S4tDurcYeF,4,1
2016-09-06 19:52:13,Great post on #fairness in #MachineLearning and looking forward to future posts! https://t.co/sG0hsmt26b,5,2
2016-08-27 00:54:10,#WiML2016 is doing a peer review process this year to give female students some reviewing experience. Excited for a great workshop!,7,3
2016-08-27 00:51:39,We've extended our deadline until Monday 8/29. Check out the #CFP for example abstracts #WiML2016 #MachineLearning https://t.co/ayjTAkjn4U,8,5
2016-08-19 01:28:12,Learn about the history of @WiML! Features Hanna Wallach (@hannawallach) and Finale Doshi-Velez #MachineLearning https://t.co/UO0Obejbqy,9,2
2016-08-12 14:51:25,Great way to kill a TV binge-watching addiction: read the wikipedia episode summaries #alwaysworks #productivity,2,2
2016-08-11 22:16:20,FAT ML 2016 #Fairness #MachineLearning #NYC https://t.co/i9Uot2NOr6,2,0
2016-08-11 20:08:25,Another great year of workshops #NIPS2016: https://t.co/S1s7ksPchR,4,0
2016-08-10 15:28:18,Margo Seltzer's research paper writing tips is a great refresher to revisit every year: https://t.co/QLGpZPzb9T #ResearchWriting,4,1
2016-08-10 14:06:28,@AnimaAnandkumar Congratulations!,0,0
2016-08-06 02:05:38,Check out this profile on Sinead Williamson #MachineLearning #BNP #WiML https://t.co/g74fK5jqZ6,6,2
2016-08-03 15:12:15,Exponential family embeddings: embeddings for high-dimensional data https://t.co/0j4RqaHuUG #MachineLearning,13,8
2016-07-29 13:13:06,"""Man is to Computer Programmer as Woman is to Homemaker? Debiasing word embeddings"": https://t.co/8qrr3o1IBQ #MachineLearning #BiasinCS",5,2
2016-07-26 21:17:12,"Abstract for my talk tomorrow on edge exchangeability, sparsity, and power laws: https://t.co/seS6vRY5b2",2,0
2016-07-26 21:16:16,"I'm giving a talk on edge exchangeability and sparsity tomorrow 12pm at the Newton Institute (UK), streamed live: https://t.co/5ypEP62itx",3,0
2016-07-08 15:09:05,"I'm giving an #MLTea talk at @MIT on Monday 7/11 4:30pm (Stata G4 lounge) on sparse graphs, power laws, and exchangeability #BNP #graphs",4,1
2016-07-07 20:07:36,"The #WiML2016 call for abstracts: https://t.co/K1iEKlUvSJ. Submit by 8/26 for chance of travel $$ to @WiMLworkshop, co-located w/ #NIPS2016",16,13
2016-06-20 19:21:55,I think I have conference FOMO #ICML2016,6,0
2016-06-16 18:33:09,Interesting slides on the origins of SageMath and the struggles of open source math software in academia: https://t.co/7K7fpiWiKf #SageMath,2,2
2016-06-16 16:10:55,"""Optimization Methods for Large-Scale Machine Learning"" https://t.co/WSURG8vpeG",8,1
2016-06-13 20:22:07,Super cool! https://t.co/XbJnmpYEqw,3,1
2016-06-08 18:00:11,Amused by Michael Mitzenmachers's responses to #CS124 course evaluations @harvard and a nice #TBT: https://t.co/380PjDIIN3,1,0
2016-06-07 14:52:14,"Seen in a paper: ""large and deep neural networks [...] are now fashionable"" #DeepLearning",3,0
2016-06-07 14:36:39,Excited to finally read this Bayesian Poisson Tucker Decomposition paper!! https://t.co/I2XceAOcsP @AaronSchein @hannawallach,7,1
2016-06-06 21:06:32,#TMW you get bored of studying for a machine learning final and start listening to Talking Machines Podcast @TlkngMchns #MachineLearning,12,1
2016-06-06 19:57:54,"Check out the new WiML website, and also the #WiML2016 website: https://t.co/31CuhWT8Mk (call for abstracts coming!) https://t.co/lyUWUxIMWl",3,2
2016-06-03 18:27:12,Don't miss the #WIML lunch at #ICML2016 @icmlconf  https://t.co/eWM9jbvtjv,11,2
2016-06-03 05:44:58,I appreciate this. #networks https://t.co/EBbtgIXIXB,3,1
2016-05-30 19:08:11,@_amiller_ I totally watched these games. does this post explain basketball to me??,0,0
2016-05-30 18:14:43,also cool blog post on lda2vec here: https://t.co/kyzlm1y5KG #WordEmbeddings #TopicModeling #LDA #MachineLearning #DeepLearning,1,0
2016-05-30 18:13:53,"lda2vec model: jointly learns word embeddings and topics https://t.co/frDPVpmZUm
#MachineLearning #NLP #DeepLearning",10,3
2016-05-29 21:18:17,‚ÄúWhat is deep learning in the small data regime?‚Äù #ICML #DeepLearning workshop #AMA looking for questions on @reddit https://t.co/EgEIGNnip0,17,5
2016-05-28 18:58:35,"OH on @VeepHBO ""Do people not understand basic nonparametric statistics?"" - Kent #thebestshow #Veep",4,0
2016-05-25 13:41:33,"""Coresets for Scalable Bayesian Logistic Regression"" https://t.co/kk0BvDfaGa (Huggins, Campbell, Broderick)",3,1
2016-05-25 13:39:15,"""Posterior Dispersion Indices"" (Kucukelbir and Blei) https://t.co/Vntwr3fnzd",0,0
2016-05-25 13:38:12,"""Local Minimax Complexity of Stochastic Convex Optimization"" (Zhu, Chatterjee, Duchi, Lafferty) https://t.co/4Mw6V80njj",1,0
2016-05-24 00:09:23,@nguyen_amanda congratulations so proud of you!!,0,0
2016-05-23 00:04:41,Just backed 'Gender representation on mathematical sciences journal editorial boards'! @lets_experiment https://t.co/n4b0Kdk4kA #forscience,2,1
2016-05-21 21:03:16,@pgbovine some nice blog posts about word embeddings: https://t.co/s4n2d4Hmub and https://t.co/0GcJNcFeUn,1,0
2016-05-20 05:08:55,"""How to become good at research"" #research h/t @ta_broderick https://t.co/ulsawjgj7M",4,1
2016-05-15 17:58:09,"Bengio talk @Twitter Cortex: ""Deep learning of semantics for natural language"" #deeplearning #machinelearning #NLP  https://t.co/LuEDx6hkuT",31,18
2016-05-15 03:48:51,seaborn: my favorite plotting package in #python https://t.co/VkxMY7OcVQ #data #visualization #seaborn,5,3
2016-05-15 03:45:58,Imagined what it'd be like to write a paper with others without using git. Was horrified. #versioncontrol #research #git,1,0
2016-05-12 22:47:03,@_amiller_ yep and a different deadline,0,0
2016-05-12 16:02:57,"""Why do girls give up on math?"" by Phoebe Cai https://t.co/U91uH6iNBO #womeninmath #stories",0,0
2016-05-12 15:56:23,"#truth ""Hofstadter's Law: It always takes longer than you expect, even when you take into account Hofstadter's Law."" #ResearchDeadlines üò•üò¥üòµ",5,0
2016-05-11 23:06:30,Github unlimited private repos hooray!!! üòÄüëç #studentdeveloperpack #studentlife #lifeisgood #github,4,1
2016-05-10 14:28:29,"""Function-Specific Mixing Times and Concentration Away from Equilibrium"" (Rabinovich, Ramdas, Jordan, Wainwright) https://t.co/XS8OPTJ0I7",1,0
2016-05-09 00:37:58,"Women in ML Theory lunch @Columbia 6/24, open to attendees of #COLT2016 #ICML2016 #UAI2016; register @ https://t.co/ts7u3Es1oJ  #WiML",3,0
2016-05-05 22:24:36,Go David! üëçüëçüëç https://t.co/bfewQV42MA,4,0
2016-04-29 15:47:16,@zenazn #firstworldproblems,1,0
2016-04-28 19:11:58,"""QED"" -SDK #science https://t.co/rOJma04lna",2,1
2016-04-27 17:27:33,Spotted: someone else on the #metra drinking soylent. #GradStudentDiet #GraduateStudentDescent,1,0
2016-04-27 15:25:47,"Steve is great: @Harvard, started running a seminar for juniors/seniors interested in CS research and senior theses! https://t.co/8Gf12TVHm3",2,1
2016-04-25 02:37:37,üçãüêù,0,0
2016-04-23 22:22:09,Great interview of @ccshan! https://t.co/jba4UR8uSh,2,0
2016-04-22 18:39:05,Congrats to the amazing Oren Rippel! Wish I could have been there :) https://t.co/fct7MloNc5,4,1
2016-04-22 15:41:48,".@Harvard #WiCS is the best! ""Breaking the Silicon Ceiling: The CS Gender Gap at Harvard (and Beyond)"" #womenincs https://t.co/EyxMVxF6Ts",3,0
2016-04-21 14:59:50,@dustinvtran yep totally! I think it's a not-so-secret plan to get students interested in working on their arxiv/equations text project :),0,0
2016-04-20 20:12:33,I'm taking a statistical machine learning topics seminar this term. Check out the topics/papers: https://t.co/ehOXtI5GoE #machinelearning,6,0
2016-04-20 20:10:44,Gender and tech hiring interviews by Meena Boppana: https://t.co/1q1HUrNJ2T #tech,8,4
2016-04-20 01:14:05,Very cool tool to highlight important sentences in documents: https://t.co/pjWRYoGa6r @FastForwardLabs #TLDR #RNNs #machinelearning,0,0
2016-04-19 17:38:36,"@jeanqasaur probabilistic programming languages? e.g., https://t.co/PFE13hPXXq or specific languages: https://t.co/4IiMDd74tI",2,0
2016-04-16 23:05:31,Roadtrip to Wisconsin today! Beer tasting at #newglarusbrewing #beer #spottedcow https://t.co/oHkUjO48vN,0,0
2016-04-10 02:59:02,@BrownSarahM congratulations!!!!,0,0
2016-04-05 15:10:15,A new stick breaking + beta proceses construction https://t.co/V7qDIjgqBt (Paisley and Jordan) #bnp,1,0
2016-04-04 18:17:58,Probabilistic programming gets a shoutout here: https://t.co/ERWf6gIDFn #PPL #ML,3,2
2016-04-04 13:48:53,"""Building Machines That Learn and Think Like People"": https://t.co/z4y2zh8VXc
(Lake, Ullman, Tenenbaum, Gershman)",3,1
2016-04-04 13:47:09,"Network structure, metadata and the prediction of missing nodes
https://t.co/HVH1D4qeJS (Hric, Peixoto, Fortunato) #networks",0,0
2016-04-04 13:45:26,"Nonparametric topic models + word embeddings for semantic structure: https://t.co/utxbfsNrvC (Batmanghelich, Saeedi, Narasimhan,  Gershman)",16,2
2016-04-03 21:00:22,Looks really cool! And thanks for sharing @hugo_larochelle  https://t.co/BHqXnerwWF,1,0
2016-04-02 03:42:53,:-) https://t.co/GIej5U5Ks8,2,0
2016-03-30 16:30:01,Looks like a great event!! #wims #boston #womeninmath #womeninstat  https://t.co/14ukjDVqB4,1,0
2016-03-29 02:16:58,Get excited. Proud to be an organizer for this year's @WiMLworkshop!! #WiML2016 #NIPS2016 #Barcelona #Spain  https://t.co/XVFpgWAszF,16,2
2016-03-24 18:34:49,Looks exciting! #ICLR2016 https://t.co/U8Lf9tepQu,1,0
2016-03-22 03:55:09,A paper about Hanabi!  https://t.co/lGU4kRMqbo üéÜüéÜüéÜ #hanabi #cardgames h/t @MathFeminist,0,0
2016-03-18 17:21:38,"Fast generalized method of moments for Dirichlet latent variable models: https://t.co/Rp3IC4H3AF (Zhao, Engelhardt, Mukherjee, Dunson)",2,0
2016-03-09 17:51:09,"Overdispersed importance sampling reduces the variance of black-box variational inference https://t.co/U6I95LMn4a (Ruiz, Titsias, Blei)",1,0
2016-03-09 15:30:55,Really pleased with the #Gadfly plotting package in @JuliaLanguage https://t.co/91TrlcrKhq -- nice built-in basic interactivity #julialang,1,0
2016-03-09 02:28:58,"Tune in for @DeepMindAI's #AlphaGo match 1 vs Lee Sedol starting in 1 hour, livestreamed at https://t.co/kikjpAmrQd",4,1
2016-03-08 18:48:52,"""should result in more individuals applying as undergraduate students [...] a more diverse population than admitted graduate students.""",0,0
2016-03-08 18:45:11,NSF GRFP change in eligibility: now grad students can only apply once in either first or second year. @NSFGRFP  https://t.co/HXgsCQNyxV,0,0
2016-03-08 15:10:39,"Looks cool! ""Composing inference algorithms as program transformations"" by Zinkov and Shan https://t.co/K0Z08BdHwU @zaxtax @ccshan #MCMC",7,3
2016-03-03 14:20:07,Automatic differentiation variational inference (ADVI): https://t.co/Xx0of0rr87 (by Kucukelbir et al),21,12
2016-03-03 14:16:34,"Truncated random measures by Campbell, Huggins, How, Broderick: https://t.co/i2WdR3vZzu",0,0
2016-02-29 16:33:41,MIT EECS survey on undergrad experience: https://t.co/6dkvgZG8kM,0,0
2016-02-20 19:15:46,Lake Michigan https://t.co/AekFGo3uAH,0,0
2016-02-18 16:43:26,@simplystats I went from wordpress to jekyll/github.io and wrote about it / linked to other helpful blog posts: https://t.co/WcyUdJ9R7h,15,2
2016-02-18 15:34:56,"Excited to read ""Patterns of scalable Bayesian inference"" by Elaine A., @thematty2fatty, and @ryan_p_adams https://t.co/0yofYYPWTA",7,1
2016-02-11 15:42:03,.@PHDcomics explains gravitational waves: https://t.co/HALkHnHSdy #LIGO,1,0
2016-02-09 17:02:24,Harvard Gender Inclusivity in Mathematics is hosting a Women in Math and Stats conference for undergrad women! https://t.co/D66luKi1Cb,0,0
2016-02-08 20:56:45,Really enjoying @porches_hiii's album Pool: https://t.co/VvyVWhmd8j #newmusic,0,0
2016-01-15 17:33:27,More #WiML on @TlkngMchns by @jennwvaughan! https://t.co/Asfxv80Soj,2,2
2016-01-13 22:30:46,Julia statistics roadmap: https://t.co/ZaDXf4Mw8V #julialang #stats,2,3
2016-01-06 19:02:19,@thephysicsgirl free for high schoolers: https://t.co/c9nUvkU4GQ,1,0
2015-12-23 02:58:49,@cameronfreer @nate_ackerman0 Priors on exchangeable digraphs poster: https://t.co/MGHzyDMIS4 arxiv link: https://t.co/cgR4Vc7Lms,0,1
2015-12-23 02:56:27,"Slides from my talk ""Edge exchangeability, sparsity, and power laws"" at the #NIPS2015 BNP workshop are now online: https://t.co/OLzcjuvkyW",3,0
2015-12-20 20:09:56,‚úà‚úà‚úà chicago ‚û° san francisco üò∏üò∏üò∏,0,0
2015-12-19 17:06:18,Looks helpful for doing collaborative math online! https://t.co/wzD1lu81Ym,0,0
2015-12-12 22:12:13,Poster on edge-exchangeable graphs and sparsity in #networks workshop #NIPS2015 https://t.co/M0YmzkLedm,5,0
2015-12-12 21:30:20,Poster on sparse graphs + power laws @ #networks workshop #NIPS2015 https://t.co/oxvNA0e7N5,3,0
2015-12-12 21:27:59,@hannawallach on poisson tensor factorization! #networks #workshop @ #NIPS2015 https://t.co/uUz5RFVO3A,9,2
2015-12-12 04:29:58,Presenting priors on exchangeable digraphs to the #NIPS2015 community with @cameronfreer tmr at the BNP workshop! also with @nate_ackerman0,7,0
2015-12-12 04:27:08,"We'll also be postering at the BNP TNG workshop, but also checkout spotlights at the networks workshop (10:30am) if you can't make that.",0,0
2015-12-12 04:25:31,"Excited about speaking at the #NIPS2015 workshop Bayesian Nonparametrics: The Next Generation on work with Tamara Broderick, tmr @ 9:30am",10,0
2015-12-11 02:33:08,What a great idea! https://t.co/50HgjibCKE,0,0
2015-12-07 22:27:20,@red_abebe :D,0,0
2015-12-07 19:27:55,My poster at #WiML2015 https://t.co/va4K5E5uwt,8,2
2015-12-07 15:34:18,Lillian lee from @Cornell on why wording matters #WiML2015 #NIPS2015 https://t.co/4HgI9e6qXA,2,0
2015-12-07 15:00:26,CrossCat paper on arxiv: https://t.co/XHyNovutUp #bnp #highdimensionaldata,2,0
2015-12-07 14:20:11,@tylerneylon Julia has 2 methods - one returns 2 (mod) and one returns -1 (%). does this exist in any of these other languages?,0,0
2015-12-07 14:04:42,List of women active in machine learning research: https://t.co/prHKcyvwtZ #WiML2015 @WiMLworkshop,54,45
2015-12-07 11:43:17,"Eng translation of de Finetti's ""The characteristic function of a random phenomenon""! (by Alvarez-Melis+Broderick) https://t.co/75VetZchO5",2,2
2015-12-07 04:02:19,Got my #NIPS2015 swag https://t.co/e5r8CgsY6J,6,1
2015-12-05 04:14:00,Very excited for this year's @WiMLworkshop #WiML2015 #NIPS2015 https://t.co/b3ofNHfnv8,5,0
2015-12-03 00:51:25,Whoa -- I have been wondering who is mathematicalmonk all of these years!! https://t.co/qJvZVmqnc5,2,1
2015-11-30 16:57:57,Excellent -- this makes me very happy üòÑ https://t.co/0zlUcXishh,1,0
2015-11-25 17:42:03,This is hilarious -- reminds me of fun startup naming @mattmospheric @cameronfreer @jakeneely  https://t.co/t3riAS4scF,1,0
2015-11-23 16:39:26,@gamalonlabs Looks great!,0,0
2015-11-23 02:26:20,@mattmight Bishop - Pattern Recognition and Machine Learning. Used by the undergrad ML course @Harvard,4,0
2015-11-22 22:31:43,Excellent https://t.co/R4Gc3RIyHT,1,0
2015-11-21 20:15:01,Benford's law book https://t.co/zgkU7RKoL1,0,0
2015-11-21 20:07:07,"@jeanqasaur for many ML conferences, we use the Toronto Paper Matching System: https://t.co/PsRZw8Evb9",3,1
2015-11-20 18:04:42,@amandaemcgowan I may already own the first pair.... :-),0,0
2015-11-20 00:45:02,‚ÄúI had this paper that took me 10 years to publish. It was rejected by almost every major statistical journal...‚Äù https://t.co/up34TxNWu0,1,0
2015-11-15 16:46:16,"@roydanroy support for subcaption package, which clashes with stuff in sty file (instead of forcing use of deprecated subfigure package).",1,0
2015-11-14 02:58:44,@_amiller_ amazing,0,0
2015-11-11 19:29:01,"""All positive comments we receive we deflect like Teflon while negative comments we hang on to like Velcro"": https://t.co/BmuKesrCtw",0,0
2015-11-10 14:07:21,"Estimating a smooth function on a large graph by Bayesian Laplacian regularisation, Kirichenko+van Zanten: https://t.co/W990xVVjwk #networks",0,0
2015-11-10 13:58:53,Hierarchical variational models: https://t.co/vXzjtbXLub #variational #inference #bayesian,0,0
2015-11-10 13:48:20,"""Curiosity over fear"": https://t.co/9sp5mtQnrH",1,0
2015-11-07 04:38:11,Master of None is A+ @azizansari,1,0
2015-11-06 20:05:54,Autograd for Torch by @Twitter Cortex (https://t.co/6gQSkdJ4Hm) https://t.co/oBaMsC2Lyd,0,0
2015-11-04 16:25:22,"Boaz Barak: ""Advice for the budding theorist"" https://t.co/hRc5MMgXIh #phdlife #tcs",0,0
2015-11-04 15:29:42,Laszlo Babai speaking graph isomorphism in quasipolynomial time next week: https://t.co/yjovaMm0bw,0,0
2015-10-30 19:31:57,Twitch installs arch linux https://t.co/PliPIrCBrF #twitchtv #archlinux,0,0
2015-10-29 00:48:36,"New preprint ‚ÄúPriors on directed exchangeable graphs"" out - On what's missing in many digraph models https://t.co/cgR4Vc7Lms @cameronfreer",3,3
2015-10-28 23:45:25,Cool video on what scientists know about the effect of chronic stress on your body: https://t.co/mH2A2hCN9a,2,0
2015-10-26 20:24:28,"Funny that when googling for ""where"" vs ""in which"" in joining clauses together, all the results that google returns are about database joins",0,0
2015-10-22 17:38:04,Very cool this is on @kaggle now -- related to stuff I did @yummly several years ago. https://t.co/JHoXzouCnx,3,0
2015-10-21 03:56:53,Box engineering diversity scholarship (for undergrads) -- very cool that more companies are doing stuff like this https://t.co/7j05u0Il3n,1,0
2015-10-18 18:04:53,Experiment: trying out a class on matrix computations where recommended language is #Matlab in #Julia this term. @JuliaLanguage #matrixcomp,2,0
2015-10-15 23:46:21,"Going to NIPS? Register for @WiMLworkshop: http://t.co/g9ZlZAVzn2 by Nov 1! All genders welcome. Posters, talks, food, and awesome people.",1,0
2015-10-04 18:35:10,I would've loved an Intro to Probability ipython notebook series with notebooks like this one. https://t.co/5k8Fm54cQU,0,0
2015-09-20 15:59:34,This monthly robot kit project for kids looks pretty cool #kickstarter https://t.co/eqiYmV2Vz5,3,0
2015-09-16 16:31:37,Forgot how nice it is to have to access research papers behind paywalls. So much research most people can't access #openaccess,0,0
2015-09-13 01:30:34,#meta blog post on making a Jekyll blog: http://t.co/yQGntv2O5g,1,0
2015-08-28 21:16:28,Awesome! https://t.co/d0rQJuepCV,0,0
2015-08-28 18:35:16,Support Talking Machines #Kickstarter -- awesome + unique podcast on ML research and applications: http://t.co/kY2emAHCLp  @TlkngMchns,2,0
2015-08-27 03:39:53,@hugo_larochelle @kswersk how do you even pick which one? they're all so good!,1,0
2015-08-05 23:43:18,Yes! https://t.co/vJ6U7XEEze,0,0
2015-07-24 11:36:00,Glad to see posts like these @sailorhg  https://t.co/h10iQ1hfvR,2,1
2015-07-23 07:58:28,New Stan release with black box variational inference and separate math library with auto-diff. https://t.co/hP6a4grdZW,1,0
2015-07-07 16:00:20,@theophaneweber which paper is this?,0,0
2015-07-03 15:11:35,"Blog post by @yaringal: ""what my deep model doesn't know"" https://t.co/J2l2HAaMaY",0,0
2015-06-29 20:37:23,Awesome! https://t.co/H1ISx2aofv,0,0
2015-06-25 02:33:17,@kswersk welcome! :),0,0
2015-06-22 01:11:12,Just arrived in Raleigh and very excited to be presenting work on graphs at the Bayesian nonparametrics conference #bnp10 #isba,2,3
2015-05-18 15:04:20,Haskell sunglasses by Warby Parker: https://t.co/OxpwvUdkUQ,1,0
2015-05-16 05:20:42,Computational hydrographic printing: http://t.co/06nKtIfhMP,0,0
2015-05-07 19:09:42,GitHub + Jupyter Notebooks = &lt;3 see: https://t.co/2M9Jjfvzpq,0,0
2015-04-14 19:59:00,You know you're getting old when you set your default text editor font to size 17...,0,0
2015-03-30 21:52:52,A few friends are speaking in the gender gap in math discussion this Wednesday at Harvard: https://t.co/mcRGg9pMQu,0,0
2015-02-24 04:43:13,Systematic inequality and hierarchy in faculty hiring networks: http://t.co/VK10FB8y7Y,0,0
2015-01-15 06:04:08,Grad school (a parody of Taylor Swift's Blank Space): https://t.co/9259yveY0V,0,0
2015-01-14 19:22:52,Album from Gaussian Curve: http://t.co/1Ka7G24j0y,0,0
2015-01-09 16:35:03,"Piazza did a study on the ""confidence gap"" in STEM courses: http://t.co/0ViUkwM6ww",0,0
2015-01-03 20:10:27,Talking Machines: Human Conversations about Machine Learning (hosted by Katherine Gorman and Ryan P. Adams) http://t.co/3cBmAQoZ50,0,0
2014-12-26 22:48:33,"Names of prominent European mathematicians
and how to pronounce them: http://t.co/SM109ylRGK",0,0
2014-12-26 21:59:46,The current state of machine intelligence: https://t.co/Hg3dsRaULz,0,0
2014-12-26 05:09:31,Transcript of Hanna Wallach's talk at NIPS on fairness in ML workshop: https://t.co/uEiIWXzoHF,0,0
2014-12-16 03:48:49,Summary of the NIPS experiment: http://t.co/6nKJchXOzF,0,0
2014-11-14 04:55:13,Terry Tao on Colbert Report: http://t.co/4zrDz3wxsc,0,0
2014-11-11 21:30:34,The oatmeal on net neutrality: http://t.co/hkFjppIQDH,0,0
2014-11-09 19:38:18,C++ is russian literature: https://t.co/NnW80JQKca,0,0
2013-09-08 15:22:07,Front row Alunageorge! http://t.co/IgtvF86bi9,0,0
2013-05-07 04:11:59,Ahh kittens--they're everywhere!! http://t.co/RIcGbzquxb,0,0
2013-02-09 01:09:30,Dear friends: felipe's is open!!,0,0
2012-12-02 21:54:19,Musical kitty! http://t.co/q2uTCckN,0,0
2012-11-21 21:43:53,@zenazn hahah yeah something like that,0,0
2012-11-21 21:18:07,Spotted: guy at airport wearing a terran shirt,0,0
2012-11-14 06:17:41,@iMpTrogdor omg you have a twitter I just noticed haha,0,0
2012-10-11 06:22:25,Balancing #sc2 and school by watching http://t.co/DoIepmkt while reading about bloom filters @CStarleague @EGSuppy @harvardcsl,0,0
2012-09-25 00:21:54,@amandaemcgowan haha that definitely reminds me of something that would happen in @parksandrecnbc,0,0
2012-09-15 03:07:26,streaming http://t.co/le4Q923y,0,0
2012-09-13 03:53:29,stars: lights changing colours http://t.co/5PhRcOq4,0,0
2012-09-01 23:30:23,"Riding with trogdor, best driver ever http://t.co/ilIFbE7j",0,0
2012-08-18 06:57:14,"""casting"" spencer vs dogbox http://t.co/le4Q923y @harvardcsl",0,0
2012-08-18 02:56:10,streaming some practice! http://t.co/le4Q923y,0,1
2012-08-11 17:20:26,The stage--ret vs seed http://t.co/P01PO84Y,0,0
2012-08-07 08:31:57,@_sheenz hahaha your family is so cool,0,0
2012-07-15 11:44:21,Finally got streaming to @TwitchTV  working on my computer! http://t.co/ALhE7r8a (and a promotion),0,0
2012-07-08 07:17:26,so good: http://t.co/u9Eldbky,0,0
2012-07-06 21:42:47,LOL twin shadow wrote a song about GoldenLighT #sc2 http://t.co/K70VsNPH,0,0
2012-06-18 16:55:35,Roasted under the sun yesterday... http://t.co/t0wIq321,0,0
2012-06-15 23:03:53,spotted: guy wearing shirt with this http://t.co/eOLflbFH,0,0
2012-06-15 20:56:05,Like the new Hot Chip album: http://t.co/OlwJvzLF,0,0
2012-06-14 00:17:09,Genius egg donor wanted: http://t.co/oFlCx25J,0,0
2012-06-11 03:43:53,D3 monk reminds me of Tenzin... http://t.co/MJgRVFyZ,0,0
2012-05-13 02:10:58,Front row Beach House!!!,0,0
2012-05-08 18:28:48,The echo friendly: http://t.co/HnQKHOqp,0,0
2012-05-07 02:12:43,casting harvard v brandeis http://t.co/L4bLhEUu @CStarleague,0,0
2012-04-30 02:31:49,BU tournament -- go harvard :) http://t.co/65ufvOSc,0,0
2012-04-27 01:07:06,balance from david kim #sc2 http://t.co/xUOj0DO6,0,0
2012-04-23 04:18:46,hmmm :( http://t.co/wLNQG4Oj,0,0
2012-04-23 02:16:05,harvard v dalhousie stream: http://t.co/N4ZRsNap @CStarleague,0,0
2012-04-01 18:21:20,game of ponies! http://t.co/G6yAiq4,0,0
2012-03-31 21:42:46,researching / building a new computer: http://t.co/AX0NbML,0,0
2012-03-29 17:46:02,a nice online collaborative latex editor: https://t.co/ue8kDQk,1,0
2012-03-29 04:38:03,aww kitty! http://t.co/qSU33ZY,0,0
2012-03-22 03:43:56,all the rowboats: http://t.co/uwJ2dn2,0,0
2012-02-22 20:58:18,sharon van etten tomorrow! http://t.co/LLszxxQ,0,0
2012-02-22 20:49:19,it's coming it's coming it's coming http://t.co/vAEzpvz,0,0
2012-02-20 00:26:27,harvard vs towson: http://t.co/F2pRYOF @CStarleague,0,0
2012-02-05 20:50:17,harvard vs appstate @CStarleague http://t.co/Tp5I4Mt,0,0
2012-01-22 01:44:07,which is the prettiest? http://t.co/wqCyHwc,0,0
2012-01-15 22:44:48,http://t.co/ayK6WTj #cslmatch #harvard @CStarleague @TwitchTV,0,0
2012-01-09 09:17:50,http://t.co/7Ua0Y3g,0,0
2012-01-05 10:29:03,3 days of #hungergamestrilogy,0,0
2011-12-21 09:13:42,finally finshed :) #season5placementmatch and #codeforces,0,0
2011-12-21 05:04:15,"@pbailis almost done with this, so much going on so not sure what to think yet but it's getting really crazy!",0,0
2011-12-11 20:40:08,bakery tetrahedron! http://t.co/P1WDbN3,0,0
2011-11-29 07:06:05,what do you do when you're sick? #1Q84,0,0
2011-11-21 19:32:33,#LEENOCK ftw,0,0
2009-08-17 21:31:06,@drvitek before the end of my internship...need some results before school starts haha,0,0
2009-06-12 14:45:41,Porco Rosso!,0,0
