2016-11-23 15:47:53,Friendly reminder to #UMassAmherst: Please take the Campus Climate Survey if you have not already! https://t.co/P7LLKsK0Ou,19,4
2016-11-22 16:02:41,"#Thankful to be here w @MonteBelmonte, @McGovernMA &amp; @joekennedy to raise awareness about hunger in #westernma.… https://t.co/SUdQ3upf7G",23,8
2016-11-17 22:02:01,"Our beautifully redesigned  #UMassAmherst Magazine is out! Featuring @DavidKorins '99, set designer… https://t.co/trGzoCST3D",9,3
2016-11-17 18:43:59,".#UMassAmherst students, faculty &amp; staff - Be sure to check your e-mail for the link to our campus climate survey! https://t.co/EqoWBP2Pl5",2,0
2016-11-11 14:50:24,Thank you to our #UMassAmherst #veterans and all veterans for your service to our nation. #VeteransDay… https://t.co/KnjUJeqMca,14,2
2016-11-09 14:21:24,A special thanks to @UMassSGA for increasing awareness of our civic duty and facilitating public participation in the democratic process.,20,8
2016-11-09 14:20:04,The peaceful transition of power is the bedrock of #democracy. We move forward committed to our values of respect &amp; inclusion. #UMassAmherst,90,36
2016-11-08 15:05:08,It's #ElectionDay 2016. Please take the time to #Vote @UMassAmherst. https://t.co/AvU2dzotOs,9,11
2016-11-08 00:10:50,#Election2016 is tomorrow. How are you getting to the polls? @UMassSGA has arranged for shuttles. Thanks @UMassSGA!… https://t.co/lNam2RsuqJ,11,13
2016-11-06 18:36:05,Congratulations to @UmassFH! It's their 4th A-10 title in the last five years. #A10CHAMPS #UMassAmherst https://t.co/0IM4SKMYFh,11,3
2016-11-01 14:00:03,VOTE TODAY from 10 am - 4 pm at #UMassAmherst Student Union Building. Thanks to @UMassSGA for your leadership on th… https://t.co/sYTs0FEY2R,28,19
2016-10-30 16:07:25,Spectacular performance last night by the #UMassAmherst Hindi-English a cappella group @UMassRang. Check them out! https://t.co/zTJJFV6cCw,15,4
2016-10-29 15:17:05,Good to meet up with members of our #UMassAmherst #Veterans Resource Center at today's #UMassFootball game! https://t.co/254bUOIOQQ,21,7
2016-10-28 16:07:34,The @BostonGlobe recently visited the #UMassAmherst campus to tour the renovated Old Chapel. #historic #westernma… https://t.co/DBjhv3zc39,13,8
2016-10-27 16:57:27,"No, #UMassAmherst, #ClassesAreNotCancelled.

As a reminder, information about emergency closings can be found here:… https://t.co/4EhwnQQWxA",11,4
2016-10-21 23:23:50,Thank you @JohnLegere for the love and support for #UMassAmherst! https://t.co/QFqy6dneMR,9,2
2016-10-21 19:20:09,"Thankful to have this strong legislative delegation supporting #UMassAmherst, the Commonwealth's Flagship campus.… https://t.co/EZsYU7n1kZ",18,5
2016-10-21 15:34:58,"#UMassAmherst Inst for Applied
#LifeSciences provides
researchers
w/ interdisciplinary environment fostering
entrep… https://t.co/2Dm1XvhivZ",5,0
2016-10-21 02:19:17,#Sam_Minuteman and I got our #flu shots! Did you get yours?  Contact #UMassUHS for more information. #flushot… https://t.co/16ESFF8Q3j,5,2
2016-10-21 01:39:29,"Honored to host Amartya Sen, '98 recipient of #NobelPrize in Economic Sciences, at #UMassAmherst. @michaelaoash… https://t.co/E79EzwSayY",10,1
2016-10-01 21:37:18,Great to see @SenStan and #UMass Trustee Mullan showing their #UMassAmherst pride! #UniteTheMasses https://t.co/glxhi4BiaK,26,6
2016-10-01 21:32:12,Proud to join the #UMassHomecoming16 Royalty! #UMassAmherst #UniteTheMasses https://t.co/ec3Tjbb9tK,8,1
2016-10-01 20:34:31,Welcome back to campus #UMassHomecoming16! #UMassAmherst https://t.co/9gLbuforIB,30,8
2016-09-30 16:02:34,"Jean Swinney has dedicated her life to making the field of #nursing a force for good worldwide, especially in pockets of poverty #UMAnursing",4,0
2016-09-30 16:01:51,Andrea Nahmod’s work in nonlinear analysis &amp; partial differential equations made her a star of Dept of Mathematics &amp; Statistics #CNS_UMass,2,0
2016-09-30 16:01:29,John Klier’s collaborative research is a powerful force for the interdisciplinary projects so highly prized by our science depts #umassengin,3,0
2016-09-30 16:00:54,Nilanjana Dasgupta’s research on implicit bias takes a scientific approach to tackling discrimination and disparities in #STEM. #PBSamherst,3,0
2016-09-30 15:57:35,"Donal Carbaugh’s research on enviro comm, intl &amp; intercultural comm, &amp; language &amp; social interaction has had intl impact. #UMassAmherst",5,0
2016-09-30 15:56:53,Nicholas Bromell has greatly enriched our understanding of our culture and our political and social realities. #UMassEnglish #UMassAmherst,3,0
2016-09-30 15:55:13,Jeffrey Blaustein’s expertise on the influences of hormones on the brain has earned worldwide renown &amp; many distinguished awards #PBSamherst,2,0
2016-09-30 15:54:04,Joseph Bardin is paving the way for the creation of more powerful computers that can solve problems traditional computers cannot #umassengin,3,0
2016-09-30 15:53:30,Congratulations to the 2016 #UMassAmherst Convocation Honorees!,5,0
2016-09-30 13:50:22,Please join me this morning at Faculty Convocation! https://t.co/nJNcC3nURb,1,2
2016-09-22 13:27:09,#UMassAmherst is deepening ties w/ Lawrence H.S. to introduce more students to our flagship campus. Thanks… https://t.co/J2EkTJWseJ,19,5
2016-09-21 00:01:00,Thanks @Sam_Minuteman for helping spread the word: #UMassSavesH2O by only washing full loads of laundry! https://t.co/KeIhYQ3eud,8,0
2016-09-19 23:44:59,The #UMassAmherst Human Magnetic Resonance Imaging Center is operational! The first scans look spectacular!… https://t.co/mIPzDJTEzt,17,7
2016-09-17 22:46:14,Good to see @FIU President Rosenberg @UMassAmherst today! #UniteTheMasses https://t.co/77963kX2rm,13,0
2016-09-16 18:47:36,The Business Innovation Hub will expand @IsenbergUMass excellence through state-of-the-art facilities. #UMassAmherst https://t.co/bkRvW4Fy76,35,12
2016-09-16 14:35:00,Kicked off 2nd Annual #UMassCHC #Scholarship workshop at #UMassAmherst. @FulbrightPrgrm @TrumanApp @MarshallScholar https://t.co/Y8iJqnVH2m,3,2
2016-09-14 21:03:44,Productive mtg in Boston w @StevenATolman and @FrankMBTC to discuss our joint interest in a strong #UMass Labor Ctr https://t.co/iFgynlESPO,7,3
2016-09-13 15:54:13,#UMassAmherst moves up to No. 27 in #USNewsEducation national public universities rankings. https://t.co/q2gpz6mCvh https://t.co/d5TUIijEf9,20,11
2016-09-12 18:22:57,"A warm welcome to the 2016-2017 #UMassAmherst Academic Year! 
 
https://t.co/YfW3Yc0iH3",5,5
2016-09-11 14:01:48,The bells of Old Chapel rang this morning in observance of the 15th anniversary of the #September11 attacks. #UMassAmherst remembers.,15,3
2016-09-10 16:22:43,Thanks LG #KarynPolito for joining #UMassAmherst at the 50 yd line for the coin toss at the #BattleoftheBayState https://t.co/LIvVzZVHzg,9,1
2016-09-10 15:27:18,With #UMassBoston Chancellor Motley speaking to South #Boston #pop_warner football about the importance of college. https://t.co/j4Lhdd7Tdi,11,3
2016-09-09 17:45:18,Thanks to #UMassNation for supporting #UMassFootball! #BattleoftheBayState tmrw at 12 pm @GilletteStadium. #GoUMass https://t.co/gco4A7Tnh0,18,7
2016-09-09 14:03:52,"Join #UMass Pres. @martymeehan, @UMassBand &amp; me TODAY at 12:30 pm @HarborHotel for #UMassFootball pep rally! #GoUMass #BattleoftheBayState",7,6
2016-09-08 19:58:04,Thanks #Sam_Minuteman for helping to spread the word on this important message. #UMassSavesH20 - Turn off the faucet https://t.co/kP7C6xwWPc,10,5
2016-09-03 22:52:04,"Enjoying ""Many Voices, One Community"" at Mullins: Performances, conversations on what makes #UMass Amherst strong. https://t.co/ZdSAJovtfi",13,1
2016-09-03 16:47:24,Delighted to welcome transfer Matt Cioboter of Springfield to campus and meet his mother and sister. #UMass Amherst https://t.co/oqhSg5vzwh,35,4
2016-09-02 20:52:56,Always enjoy meeting our hard-working move-in crews who do such a great job welcoming 1st-year students. #UMass2020 https://t.co/jwHjIa98YE,16,2
2016-09-02 19:12:58,Delighted to welcome first-year students and their families to our flagship campus. #UMass2020 https://t.co/9O0cZMANxo,24,4
2016-09-02 13:41:22,Welcome to a new year at #UMass Amherst! Recording official welcome back message. See you around campus! https://t.co/ZhG82cYtro,37,5
2016-08-30 15:04:48,Congratulations @KenToong &amp; entire #UMassDining family! Thx for the incredible work you do every day @ #UMassAmherst https://t.co/XJoJmO6nfn,21,5
2016-08-30 12:35:27,Thrilled to celebrate the 50th Anniversary of our Community Breakfast with @AmherstAreaCC at @UMassAmherst https://t.co/c7wfOxWLy5,16,2
2016-08-29 01:58:05,#UMMB2016 had 1 day to practice nat'l anthems of #USA &amp; #Canada. @MassGovernor @JustinTrudeau -this #UMassAmherst Chancellor is #UMassProud!,16,6
2016-08-29 01:43:32,"Today, the @UMassBand helped welcome the 40th Conference of N.E. Governors &amp; Eastern Canadian Premiers. #UMMB2016 https://t.co/ZMpNxVlSlp",45,20
2016-08-28 01:14:45,Go @UMassMSoccer!  https://t.co/13OKmWptM6,6,3
2016-08-23 18:15:22,https://t.co/gO9isLUNXp,11,4
2016-08-17 20:57:33,Thank you @MassGovernor for acknowledging how important universities have become in our changing #economy. https://t.co/yyhVhAGKnI,32,12
2016-08-17 19:50:35,"Thanks to @massgovernor, @MassEOHED, and @mass_tech for this $5M capital investment in #UMassAmherst. #DataScience #cybersecurity",35,15
2016-08-16 17:26:19,Looking good @IsenbergUMass! https://t.co/pJzOVI6uaQ,14,1
2016-08-12 17:40:53,"#UMassAmherst's very own @profbk on @cspanhistory Saturday, August 13 at 6:00 PM EDT 

 #UMassProud https://t.co/lBwlUy9Jiw",3,0
2016-08-12 15:26:21,Congratulations Stephen! https://t.co/vnIJcYHBBi,4,0
2016-08-10 20:41:27,"Silver Medal for #UMassAmherst Head Diving Coach Mandy Hixon's son Michael! Congratulations! 
#OlympicGames #UMassWSwimDive #UMassMSwimDive",96,33
2016-08-09 14:32:04,The long anticipated restoration of the #UMassAmherst Old Chapel will soon be complete! Here's a sneak peak: https://t.co/9G3jFSiGwI,63,18
2016-08-08 17:00:30,Mark your calendars! A unique opportunity to see appellate arguments right here on the #UMassAmherst campus. https://t.co/3InYr2gd3a,8,2
2016-08-08 16:12:47,It's always a pleasure to visit  #UMassAmherst Hadley Farm - where our Aggie spirit lives on! #CNS_UMass #CAFE_UMass https://t.co/HwaRrJ94JL,9,1
2016-08-05 16:03:06,Inspired at #UMassAmherst today by 54 brilliant undergraduate researchers who presented at a joint poster session. https://t.co/KCkwivvKul,29,6
2016-08-02 14:45:08,"""Topped off"" #UMassAmherst Physical Sciences Building. PSB includes state of the art labs for our faculty &amp; students https://t.co/0PKVC4AphF",21,6
2016-08-01 20:25:48,"Great to talk w/ @martymeehan &amp; @SenBennetCO (Comm on Health, Ed, Labor &amp; Pension) on the future of public higher ed https://t.co/njaeHFGTP6",9,2
2016-08-01 14:27:29,Another reason to be #UMassProud: #UMass recognized as a global leader in patents secured. #UMassAmherst https://t.co/bicRsMHAU3,11,9
2016-07-29 13:18:31,Good luck @SharpAttitude and @TheHexachords! #UMassProud https://t.co/y6oQzGpmZT,8,8
2016-07-28 11:13:11,Congratulations to #UMassAmherst Alum David A. Lowy on his confirmation to the Massachusetts Supreme Judicial Court! https://t.co/pfFls3lwPS,42,12
2016-07-25 20:29:58,Thrilled to host the #StrongSmartBold of @GirlsIncHolyoke at #UMassAmherst. See the video at https://t.co/pIBb6aIwuP https://t.co/TswbF3789K,4,0
2016-07-22 15:31:23,Many thanks to @MassDOER for supporting our pioneering #cleanenergy &amp; #sustainability projects at @UMassAmherst! https://t.co/OtwSqCBd02,19,8
2016-07-21 19:58:45,Great meeting the @UMASSDonahue @CivicInitiative American Political Development &amp; Political Thought program today! https://t.co/PaFYRcKOKq,6,1
2016-07-21 18:44:30,"Many thanks to our @UMassNSO staff for their hard work this summer welcoming 5,261 new #UMass students to campus! https://t.co/raYpSHrA6s",95,23
2016-07-15 19:49:53,Upward Bound UMass summer program students from Springfield visiting Fine Arts Ctr @UMassAmherst @SpfldMACityHall https://t.co/z1bxattfqP,13,1
2016-07-14 17:01:18,"#WhiteHouse blog recognizes @UMassAmherst for leading NE Node of Flexible Hybrid @NNMIgov. Check out video #2!
https://t.co/12vYl8Zq98",8,4
2016-07-11 14:46:08,$600k grant from @MellonFdn will increase engagement w/ W.E.B. Du Bois archives through #UMassAmherst Du Bois Center https://t.co/EWzYZi6zCW,5,2
2016-06-30 14:03:05,"Congratulations, @JamesV_news! 1 of 2 reporters chosen nationwide to cover @GOPconvention for #FuseTV #VotoLatino https://t.co/TZ3KVYnrpa",0,0
2016-06-29 16:45:06,Congratulations to @UMassAmherst mathematician John Staudenmayer on being named as a fellow of the @AmstatNews! https://t.co/flBjoI4YgQ,5,0
2016-06-13 15:45:07,The @UMassAmherst community stands #OrlandoUnited with all those impacted by this horrific act. Love&gt;Hate,60,19
2016-06-10 18:37:13,"Exciting news for #UMassTheater! Kudos to @DavidKorins, Justin Townsend, &amp; Ben Stanton on #TonyAwards nominations! https://t.co/LM0b2JPuS8",6,1
2016-06-10 14:32:35,Thanks @SenStan &amp; @SpeakerDeLeo for supporting this exciting initiative btwn #UMassAmherst &amp; #MassMutual Foundation https://t.co/HrISRPoCyU,10,4
2016-06-10 14:18:47,#MassMutual Foundation announces $15M grant to @UMassAmherst to help build two of our world class resources in #Datascience &amp; #CyberSecurity,15,6
2016-06-07 18:04:50,Recent @UMASSDonahue report pegs @UMassAmherst economic #impact in #westernma and the Commonwealth at $2.069 billion https://t.co/F8SOcnwsOH,10,7
2016-06-04 23:35:39,"So good to see so many @AlumniUMass today including Harriet Wheatley Riggs, Class of 1941. #CelebrateYourUMass https://t.co/DBUwItP4P5",27,4
2016-06-04 12:54:48,Welcome back @AlumniUMass. Happy to have you on campus to #CelebrateYourUMass!,11,2
2016-05-27 17:22:21,"Welcome to @UMassAmherst, Abbott Lawrence Academy!  #LawrenceMA #brightfuture https://t.co/wL046A5Tl5",3,0
2016-05-27 13:01:53,Congratulations @UMassUWiL Founder/Exec. Dir. Michelle Goncalves on winning Zuckerberg Leadership Prize! #UMassProud https://t.co/KDeOVHbIxx,5,2
2016-05-25 19:33:20,"#UMassFirst 

https://t.co/irhWIQKUcT  #divest https://t.co/IWBtcoSRO2",7,6
2016-05-22 14:00:12,. @UMassLacrosse takes on Maryland today at noon in the @NCAA_Lax Final Four game. Watch it here and #GoUMass! https://t.co/YYkK7jEiJB,3,0
2016-05-22 13:08:01,Good luck today @NCAA quarterfinals @UMassLacrosse! #UMassProud #GoUMass #ncaaLAX,27,4
2016-05-18 21:36:34,"Thank you @SenStan, @KarenSpilka &amp; @MA_Senate for recognizing the transformative power of #UMass Amherst. https://t.co/QSdthLr7al",18,7
2016-05-16 23:57:22,"Congratulations to Norberto Marrero, #UMass Amherst's Class of 2020, from Springfield's #100MalestoCollege Program!",6,1
2016-05-16 13:22:48,CONGRATULATIONS @UMassLacrosse on reaching the @NCAA_Lax Quarterfinals for 1st time since 1984! #Elite8 #UMassProud https://t.co/DMM6WHfJ0X,19,3
2016-05-15 12:32:01,Good luck today @UMassLacrosse! #GoUMass https://t.co/8zDJuseU4z,8,1
2016-05-15 12:28:46,Good Luck @UMassSoftball! #GoUMass  https://t.co/rVdS5y8Qyj,12,3
2016-05-14 00:56:46,Congratulations @UMassSoftball! #UMassProud https://t.co/hP3OYtRfca,8,0
2016-05-13 20:22:46,Go @UMassLacrosse! #WinTogether  https://t.co/HoO6211GMp,5,2
2016-05-13 15:02:05,"Welcome to #UMass Amherst, Dale! Excited to have you join our team.  https://t.co/QnnikLeDD9",4,0
2016-05-09 19:29:30,Thanks @Wayne for sharing your story w/ #UMassAmherst. Proud to call you one of our own. #UMassProud #UMass2016  https://t.co/DUHMd59mhQ,12,1
2016-05-06 20:26:32,A few showers won't stop us! Nearly ready to begin undergrad ceremony w/ #UMass President @martymeehan #UMass2016 https://t.co/Q7lEeXbrw8,33,6
2016-05-06 20:05:11,Families and friends beginning to arrive for @UMassAmherst Undergraduate Commencement. #UMass2016 https://t.co/pSrPJPuBk0,22,5
2016-05-06 20:00:23,The @UMassAmherst Undergraduate Commencement ceremony will be streamed live at 4:30 pm https://t.co/i3vEl7DC84 #UMass2016,4,0
2016-05-06 17:25:48,Congratulations to all of you! #UMass2016 https://t.co/m89rI0C1Nr,1,0
2016-05-06 13:22:53,"It's #DeanStyle vs. #SubbaStyle here @UMassAmherst 2016 Commencement w/  @IsenbergDean #BusinessInTheBack
#UMass2016 https://t.co/0I1BRj30ED",26,7
2016-05-06 13:12:38,Congratulations to all of our 2016 @UMassAmherst graduates! Go UMass! #UMassPride #UMass2016 https://t.co/qZS4yIo28I,17,9
2016-05-05 02:12:17,Looking good @IsenbergDean. Congratulations to @IsenbergUMass Seniors who met the Senior Gift challenge! #UMass2016 https://t.co/bnyxw7zLDG,18,4
2016-04-29 21:05:36,Honored to join the Furcolo family to cut the ribbon on @UMassAmherst College of Ed's renovated home in Furcolo Hall https://t.co/EnDvf8rUTu,22,5
2016-04-28 23:06:34,Congratulations to the @UMassMSwimDive and @UMass_XCTF (women) on their A10 Winter Championships! #UMassProud https://t.co/HntZ4YQVmD,24,4
2016-04-28 14:01:08,Jameson is showing his @UMassAmherst spirit! Have you supported #UMassGives today? More at: https://t.co/Y2E4ldEEvf https://t.co/hunGC2lDkZ,34,10
2016-04-27 17:43:50,Stopped by the Founders Day picnic and #UMassGives tent today. Learn how you can give at https://t.co/9EEtrfXtBW https://t.co/wxenfaPaS1,14,10
2016-04-27 13:59:01,Honored to celebrate those who make our @UMassAmherst campus great at the annual Length of Service breakfast. https://t.co/5T9leLgazL,5,1
2016-04-22 18:48:11,. @martymeehan shows his @UMassAmherst colors to our future leaders. #UMassSGA https://t.co/7uH59OnJis,2,1
2016-04-22 14:29:07,Happy to join Pres @martymeehan in welcoming participants to 22nd Annual Undergraduate Research Conf @UMass Amherst. https://t.co/pS4iA1BJLY,6,2
2016-04-21 17:48:16,Thrilled to bring @Wayne back to campus as the 2016 @UMassAmherst Commencement speaker! https://t.co/lZp0g1Plma,6,3
2016-04-08 19:30:15,Thanks @SenStan for being here to kick off this panel discussion here @UMassAmherst. https://t.co/s8TMcyTpMB,2,3
2016-04-05 21:32:42,"Thank you Dr Brenda J. Allen for speaking about ""Communicating Difference Matters"" this evening @UMassAmherst @bjoya https://t.co/vyuGzwupWV",0,2
2016-04-05 00:08:38,Spent this evening with the outstanding students of #UMassAmherst 's James Hall. Thanks for having me! https://t.co/HwvE57JLRf,19,6
2016-04-01 17:33:25,Exciting research happening here at #UMass Amherst! Proud to partner with #DeptofDefense and #MIT on this Institute. https://t.co/mJd9T1hIdj,13,6
2016-04-01 14:39:54,.@MichelleTweetin and @MarcellaJayne - Happy #aprilfoolsday! https://t.co/DMaun0u6WF,3,0
2016-03-29 21:18:45,A warm welcome to #UMassAmherst Coach Carvel! Congratulations! https://t.co/10zgPdLcA0,27,11
2016-03-25 22:02:30,".@SenStan w/ our #massmillennials Estefania Marti, Menty Kebede, Becca Levin, Bry Dague, Orett Burke, Kabir Thatte https://t.co/BycTYYIOHL",11,2
2016-03-25 19:20:57,A big thanks to @EricLesser and @SenStan for visiting #UMass Amherst today! https://t.co/0z3zqUGAys,4,3
2016-03-25 18:31:07,That’s @umasscs briefing @SenStan and @EricLesser on #UMass programs that are preparing #massmillennials for success https://t.co/33cOe7BH5A,7,6
2016-03-18 17:37:30,Congratulations to our nationally ranked graduate school programs. #UMassProud https://t.co/laA80dpQun,15,6
2016-03-14 14:30:57,Congratulations to #UMass Amherst's newest All-American!  #UMassProud https://t.co/dsvyqj5rET,12,4
2016-03-11 01:56:22,Go UMass! https://t.co/L7xt9u3hvb,21,4
2016-03-11 00:22:49,Here in #NYC to update enthusiastic #UMass Amherst alums on the exciting things happening on our campus. #GoUMass! https://t.co/CBrc1rRgOt,14,2
2016-03-06 02:49:52,Great to see @UMassAmerst Alum @JohnLegere here on campus today! #UMassProud https://t.co/MJjcYi1Wjf,28,12
2016-03-05 02:26:04,Thank you @MassANF Secretary Lepore for joining @UMassUWiL this evening at #UMass Amherst.  https://t.co/xJE7V9KvqP,3,2
2016-03-01 20:05:10,Vote. All the cool kids are doing it. Don’t know where to #vote? Go to https://t.co/Y4Fgj4mgpY https://t.co/YmR6ap8uW4,37,26
2016-02-19 21:47:40,We are #UMassUnited https://t.co/k0jqldId4u,12,4
2016-02-19 21:03:40,Please join our campus community in front of the Fine Arts Center at 4:15 pm  https://t.co/yChPrMFJRx https://t.co/GKQ2dukSJJ,1,2
2016-02-19 02:39:05,Thanks to UMPD and local law enforcement officials for their efforts this evening. https://t.co/c9XxWOD2iW,26,11
2016-02-18 21:56:45,"Join @UMassSGA &amp; campus leadership tmrw at the FAC at 4:15 pm to reaffirm our commitment to diversity &amp; inclusion
https://t.co/yChPrMFJRx",6,5
2016-02-17 22:49:31,Exciting discussion this afternoon at #UMass Amherst about #gravitationalwaves with Laura Cadonati of #LIGO https://t.co/3RENugBjR5,5,1
2016-02-12 21:56:30,One of #Einstein’s theoretical predictions proven true—a century later—and UMass Amherst helped! https://t.co/naPkUOnjvj #gravitationalwaves,7,3
2016-02-12 18:22:43,"Today, I had the great pleasure &amp; privilege of swearing in #UMass Amherst’s 10th Chief of Police, Tyrone Parham. https://t.co/pYG8K2lMuX",18,6
2016-02-12 02:19:46,"Proud to host #UMass Amherst Alum Sue Hagedorn for a screening of her documentary, Deputized. A must-see if you care about social justice!",5,1
2016-02-06 00:33:22,"Enjoying some #UMasshockey with Becky Ikehara, a generous #UMACC donor. UMACC raised $400k for 400 local, national &amp; global non-profits.",1,0
2016-02-02 13:36:40,"Innovative #UMass Amherst Design Bldg taking shape! Video:
https://t.co/89gRNqUOdz
#SuffolkBuilds #LeersWeinzapfel https://t.co/D63baTHjgv",6,3
2016-01-29 22:21:35,Sorry @ahrimanpob - These are one-of-a-kind!,1,1
2016-01-29 22:12:54,@VinnyD100 @rsox1221 @JohnLegere Sorry - these are one-of-a-kind items from my personal #Subbastyle collection. #UMass Amherst,10,2
2016-01-28 14:32:54,"Check out my new kicks, @JohnLegere! #UMass Amherst #UMassPride https://t.co/WyO7ZscBIK",268,169
2016-01-22 23:14:48,Thrilled to celebrate the opening of the John Francis Kennedy Champions Center at #UMass Amherst. #GoUMass https://t.co/6xp2O5iMST,27,15
2016-01-22 17:39:30,"Welcome Back #UMass Amherst!
https://t.co/XC0oXD1YCs",5,6
2016-01-21 02:57:09,Excellent article on our very own Willie Hill. #UMassAmherst https://t.co/eSwtM5QLUy,2,0
2016-01-20 21:01:21,Pleased to welcome Ken Feinberg to #UMassAmherst for lunch today w/ Prof. Mario De Pillis and Prof. Milton Cantor. https://t.co/s2nsNvw1O2,8,0
2016-01-20 15:14:03,A big thank you to our caring #UMass Amherst community! https://t.co/6Eb63Yjj7d,2,0
2016-01-18 14:03:06,"Celebrate #MLKDay today with a special screening of ""Eyes on the Prize,"" 5-8 pm in Student Union Ballroom. https://t.co/XzPSzoNyX8",5,8
2016-01-17 16:53:02,Welcome back to all returning #UMass Amherst students. Looking forward to meeting our new students at this evening's Winter Welcome!,42,8
2016-01-15 14:12:52,Good Luck at Nationals @UMassCheer! #GoUMass ! https://t.co/AKFDVDK3R2,10,5
2016-01-13 15:27:02,Congratulations #UMass Amherst Alum @BuckinBoston on winning MA Sportswriter of the Year! #UMassPride https://t.co/MPnMBFO7PY,15,9
2016-01-12 21:58:09,‘Beastcam’ invented at #UMass Amherst captures 3-D images of animals. Excellent work @duncanirschick!  https://t.co/LxwiWho5g2,6,3
2016-01-11 17:40:31,"Congratulations @birtoncowden on being named as a
finalist for @USASBE Outstanding Emerging Entrepreneurship Prog https://t.co/I1DFQKZIZw",2,0
2016-01-07 14:00:14,"As our #UMass Amherst family begins to return to campus, I want to wish you all a very #HappyNewYear! https://t.co/FU2ysiSRAI",7,1
2015-12-22 20:21:06,"With @martymeehan, Prof. Frank Mangan, Jeanne Baranek &amp; @COL1853 Mayor @danrivera01843 to advance urban agriculture https://t.co/xwjHp08dKq",3,2
2015-12-21 19:07:59,Thank you Prof Brigham-Grette and #UMass Amherst Geosciences for presenting these amazing photos spanning 100 years https://t.co/Nh9Cm3ibnA,2,3
2015-12-21 18:24:55,"Delighted to tour the spectacular #UMass Amherst Rausch Mineral Gallery  w/ Geosciences Prof. Julie Brigham-Grette, https://t.co/RltFGxSBeZ",14,2
2015-12-17 01:37:29,At @UKCoachCalipari banner raising - 193 wins for @UMass_bball! #UMassNation https://t.co/KWcJgOuXAI,20,3
2015-12-16 03:09:19,#UMassFamily here tonight with  @UKCoachCalipari and Alumnus Matt Littlefield. #UMassAmherst https://t.co/3gNafw6Qri,10,1
2015-12-11 14:35:43,Thanks @UMassDining for the caffeine and sugar! https://t.co/IILOTYypvj,4,2
2015-12-05 22:39:16,Here in #Springfield with Mayor Sarno for the #UMass_Bball game. Go @UMassAmherst! #WinTogether https://t.co/YJCsxzWSi0,7,2
2015-12-05 20:05:48,Big thanks to @UMassFH for joining me. Congratulations on your @atlantic10 Championship! #WinTogether @UMassAmherst  https://t.co/eFLJZBX9hj,4,1
2015-12-04 01:20:21,"Welcome to the new @UMassAmherst Assistant Vice Chancellor &amp; Chief of Police, Tyrone Parham! https://t.co/mmWamgiXh1",6,3
2015-12-01 20:24:07,"Deeply saddened to learn of the loss of Dr. William Darity, founding Dean of @UMassAmherst School of Health Sciences https://t.co/KFkDtuB0A0",5,3
2015-11-26 14:12:48,A very #happythanksgiving to you and yours from all of us here @UMassAmherst!,35,9
2015-11-24 15:27:50,Welcome to @UMassAmherst @montebelmonte &amp; @RepMcGovern. Thanks for waking 42 miles to end hunger in #westernma https://t.co/JMDOATuP1v,2,2
2015-11-21 21:56:55,"Good to see legendary @UMassFootball alumnus, Robert Pena, at today’s game! https://t.co/zRNAqfAgUl",5,0
2015-11-20 22:44:38,The thoughts and prayers of the @UMassAmherst community are with the people of #Mali following this act of terror.,5,0
2015-11-17 16:01:20,Installation of #Tesla magnet marks 1st time MRI/S capabilities will be avail for research &amp; training @UMassAmherst  https://t.co/jxcLnSfjtm,9,3
2015-11-17 01:50:28,Thank you @JohnLegere for your support of @UMassAmherst! https://t.co/bEofr1yHGF,40,7
2015-11-16 23:08:53,"Happy to be here with @BuckinBoston (’78) and @UMassAmherst Salute to Service Legacy honoree, @JohnLegere (’80)! https://t.co/IoU5TpVAor",67,12
2015-11-14 01:37:42,Thoughts and prayers from @UMassAmherst go out to the families of the victims of the #Paris attacks.,59,22
2015-11-13 00:55:10,Please join me tmrw (11/13) at 2 pm in Mahar Auditorium for a Campus Listening Session. https://t.co/fuOJaiBfTj,3,2
2015-11-12 21:08:42,"As Pres of the state’s public research univ system, @martymeehan understands the critical role our univ plays in our Commonwealth #UMassPres",4,2
2015-11-12 21:06:32,There are infreq times in our lives when everything seems to fall in place- @martymeehan becoming #UMassPres now is 1 of those rare moments.,11,9
2015-11-12 19:31:47,Proud to have the @UMassBand here today at @emkinstitute to welcome guests to #UMassPres inauguration.  https://t.co/MAUPdmLmBp,4,0
2015-11-12 19:26:56,Congratulations @MartyMeehan on your inauguration as 27th President of @UMass!   #UMassPres https://t.co/1HDImTzOPE,17,9
2015-11-12 16:27:02,. @UMassAmherst hosting 29 public higher ed institutions to discuss Natl Scholarship opportunities like #Fulbright https://t.co/5rdnRjVpS7,1,0
2015-11-10 18:45:28,. @UMassAmherst is honored to host @MassDPH Commissioner Monica Bharel to explore collaboration with @UMassSPHHS. https://t.co/9etw7oOIFy,3,1
2015-11-09 17:46:31,Happy to sample  @UMassDining’s award-winning food at the Blue Wall with @UMass Pres @martymeehan! #UMass5in1 https://t.co/mgSeYY6m71,11,7
2015-11-09 16:28:17,Proud to show @UMass Pres @martymeehan the exciting things happening in the @UMassAmherst Design #ADDFab. #UMass5in1 https://t.co/h5wfNv1MLs,12,5
2015-11-09 16:12:11,Welcome to @UMassAmherst @UMass President @martymeehan! #UMass5in1 https://t.co/AmYH3YQ0e6,17,13
2015-11-09 14:12:40,Welcome to @twitter @UMass Pres @martymeehan. Look forward to seeing you @UMassAmherst during the #UMass5in1 tour! https://t.co/Qz8SgPQA7v,11,7
2015-11-07 21:21:03,Congrats to @UMassFH on winning the @atlantic10 field hockey title! #A10CHAMPS,28,12
2015-11-06 13:26:03,Congratulations to @UMassFH six @atlantic10 year-end award winners! Good luck in today’s semifinals - #GoUMass! https://t.co/TFOYM2l9nH,6,3
2015-10-31 18:42:50,"Thanks Don Robinson, @UMassAmherst Enviro Health &amp; Safety, for the #Halloween costume! https://t.co/rV2Em2YJZN",6,0
2015-10-30 14:45:35,Thanks to the @UMassSPHHS Dean’s Advisory Board for all your support. #UMassAmherst https://t.co/I5aMoZ6CmK,0,0
2015-10-28 22:15:56,Proud to be a part of the next chapter in the @TownOfAmherst and @UMassAmherst partnership with the UTAC. https://t.co/Bb103JHETf,0,1
2015-10-27 17:58:41,Thank you @UMassPermacultr members for joining me to enjoy the harvest from Hillside garden. #UMassAmherst https://t.co/A0hsna76l7,0,0
2015-10-24 21:19:44,There is nothing like Band Day with @UMassFootball! https://t.co/xFaJVUM1ia,9,5
2015-10-24 20:53:27,Here with @UToledo President Sharon Gaber. Go @UMassFootball! https://t.co/lrZbcC5Dtz,1,0
2015-10-24 19:37:09,@UMassBand setting the pace on Band Day at Gillette. Go @UMassAmherst! https://t.co/r5gsa09Xuz,5,2
2015-10-24 01:30:11,Good luck to all hackers participating in @HackUMass @UMassAmherst https://t.co/D2Jv6whM22,11,7
2015-10-22 17:08:17,Congratulations to @UMassLowell Chancellor Jacquie Moloney on her inauguration today! https://t.co/nWOrfiomXN,20,6
2015-10-19 22:55:30,"Good to see Chris Coleman '94, Vice President of @StateStreet, at the UMass Club during our annual alumni event. https://t.co/jEpipjj2Yk",0,0
2015-10-17 21:32:23,Congratulations to the @UMassAmherst 2015 Homecoming King and Queen and to the entire Royalty Court. http://t.co/OI5TWqk28X,3,1
2015-10-17 20:42:09,"Great taste in clothes, @UMassADBamford   #umass http://t.co/8kdGSTxxIE",12,2
2015-10-17 18:35:06,A BIG thanks to everyone manning today's Emergency Operations Center! http://t.co/VNE1Ki3LsX,2,1
2015-10-17 17:57:45,With @UMass Pres. Marty Meehan and our students doing good work with Team Positive Presence at Homecoming Tailgate. http://t.co/zZtOy837v2,4,3
2015-10-17 16:02:09,Happy Homecoming! Joining President Meehan and Sen. Stan Rosenberg '77 @SenStan in this morning's parade. Go UMass! http://t.co/bNG7NtfDPW,23,12
2015-10-16 19:20:32,"Presenting Pamela '69 &amp; Robert Jacobs ’68 with ""Minute Frog"" at a dinner honoring their commitment to @UMassAmherst http://t.co/mMmWxRY5qE",2,2
2015-10-16 16:03:22,"Excited to celebrate new @UMassAmherst Design Building, which approaches zero CO2 emissions http://t.co/SFTVVgf5FA http://t.co/0bB92yz4fN",0,0
2015-10-15 23:35:38,Thrilled to celebrate Chinua Achebe and Africa in the Global Imagination w/ honored guests http://t.co/YUrquQyCAT http://t.co/hPfZqSWPxh,3,1
2015-10-15 17:12:14,Thank you Rep McGovern @repmcgovern for joining @MassPHENOM @UMassAmherst today to discuss college affordability. http://t.co/5O1dj2hae6,2,0
2015-10-09 22:19:23,"Mayor Sarno proclaims today ""Upward Bound Day"" as UMass proudly hosts the 50th anniv. of the college pathway program http://t.co/Q12EZEqyxq",7,2
2015-10-08 21:20:21,"Great to have 3 @UMassAmherst generations here today! Thanks Donald ('54), Bonnie ('84) and Mark ('18) for visiting http://t.co/piJpHBfowW",13,4
2015-10-07 16:52:32,#UMassInMaroon every day. http://t.co/K9q7DMDNUU http://t.co/CzUeLjmzDG,16,11
2015-10-05 16:30:33,"Here is my address to the 2015 Faculty Convocation, presenting my vision for our Flagship University. http://t.co/VEyyU2X4OO",10,9
2015-10-03 21:56:18,"With UMA Foundation Director Gordon Oakes, VC Mike Leto, Fine Arts Center Director Willie Hill and Beverly Hill. http://t.co/q6o6Lk9vbo",4,0
2015-10-03 20:42:07,Hosting visiting @FIU President Mark Rosenberg at McGuirk for @UMassFootball game. Go UMass! http://t.co/49fsQkiyyb,6,3
2015-10-03 20:19:26,"Thank you to the UMass Gridiron Club for support of @UMassFootball. Go
UMass!",6,5
2015-10-02 14:48:03,Getting ready for procession to Bowker Auditorium for @UMassAmherst Faculty Convocation. Join us ! http://t.co/9i6uCjpONe,7,2
2015-09-30 21:48:08,Enjoyed meeting with our retired employees at today's Retired Staff Reception. http://t.co/MPI0gsvfTI,2,3
2015-09-28 16:04:40,Thank you to our students who volunteered at Saturday's Mass Impact Day and helped better our community and world. https://t.co/N60VHPBD6P,4,3
2015-09-26 19:35:00,"W/ @UMassBoston Chancellor Motley,,@NotreDame Pres Fr. Jenkins, @UMass Pres Meehan, @massmednow Chancellor Collins http://t.co/X2SHjzqso6",3,1
2015-09-26 19:24:00,The UMass fan section @NotreDame Stadium is beginning to fill up. A beautiful day for football! Go UMass! http://t.co/XMCOJzYHFY,7,1
2015-09-26 15:26:28,On the bus to @NotreDame for @UMassFootball w/ UMass President fellow chancellors. Can't wait for game to start. http://t.co/XZ4GimGgBQ,13,3
2015-09-25 20:29:49,With alumnus Steve Buckley @BuckinBoston of @bostonherald on field @NotreDame. 23 hours until kickoff. #GoUMass http://t.co/AFqMjFTSaX,8,6
2015-09-25 20:10:12,Checking out the field @NotreDame with our @UMassFootball players on the eve of the big game. Go UMass! http://t.co/TC43SqsOJ0,58,28
2015-09-25 14:54:32,Getting on the @UMassFootball team plane w/ #1 fan Bob Goodhue heading to Notre Dame  for tomorrow's game  Go UMass! http://t.co/wtGXkGMRhM,22,2
2015-09-25 00:33:10,My honor to welcome Fed Chair Janet Yellen @federalreserve for a campus lecture w/ President Meehan @UMassAmherst http://t.co/xHbHxAbQ3H,5,2
2015-09-24 02:06:58,UMass Amherst is proud to be a charter member of the @Atlantic10. Pleased to welcome Commissioner McGlade to campus! http://t.co/uNgT5JHMjF,10,8
2015-09-22 19:49:06,Our faculty and staff believe in what we're doing at UMass Amherst! Kicking off the 2015 Faculty and Staff Campaign. http://t.co/xh9QVSjNTj,3,0
2015-09-22 17:17:53,"Pleased to welcome Anand Giridharadas to campus for important @UMassCommonRead discussion of ""The True American."" http://t.co/QewdrvOkBJ",4,1
2015-09-20 19:33:34,"Terribly saddened by the sudden passing of my friend, Amherst Town Manager John Musante...
https://t.co/65rLADHyer http://t.co/6OsUYMXsye",1,1
2015-09-20 11:08:51,"I appreciate the strong support of all UMass Football fans including Pres Meehan, at Temple game w/ @UMassADBamford http://t.co/KjVjgOG6pm",25,13
2015-09-11 18:23:48,Great to see you @UKCoachCalipari this morning @UMassAmherst – You’ll forever be a Minuteman! https://t.co/1RaMp1EVLh,5,1
2015-09-11 11:50:20,"Today we reflect on the significance of the tragic events of Sept. 11, 2001 with observances on campus and in town.  https://t.co/enh6LW9VWk",6,3
2015-09-10 19:42:18,Welcome to a new academic year at UMass Amherst! I invite you to watch my video message with important campus updates http://t.co/qlqbDtObfg,4,4
2015-09-09 21:55:19,A big thank you to the entire UMass community! Your contributions keep @UMassAmherst rising in the US News Rankings. https://t.co/yOp5victOG,32,21
2015-09-06 20:19:29,Always delighted to welcome our students and their families to our great university. #umassamherst http://t.co/nhbOygObh2,6,1
2015-09-06 14:16:08,Had a great time this morning at #UMassNew2U tag sale @ Student Union Ballroom. The sale continues today and Monday. http://t.co/vjFPLmfNqc,3,3
2015-09-05 16:16:58,Had a great time this morning lending a hand with transfer students moving in. #welcome2umass http://t.co/sxqbQ4WQh4,7,4
2015-09-04 17:53:22,Welcome to @UMassAmherst ! Meeting new students at Kennedy Hall #Welcome2UMass http://t.co/nkszZQKDDb,29,5
2015-09-04 14:26:24,A beautiful night at Hillside welcoming new faculty to @UMassAmherst. #welcome2umass http://t.co/SrREeUDvwl,5,2
2015-09-02 19:28:46,Welcome to our arriving international students @UMassAmherst ! https://t.co/QiXNC9udZ9 http://t.co/vSxKFjMwIp,7,4
2015-09-01 15:28:53,Kicking off the new school year @UMassAmherst with our campus and community at annual Community Breakfast. Go UMass! http://t.co/Xwdto9Wbcf,9,4
2015-08-28 20:22:40,Flagship campus @UMassAmherst to pioneer breakthroughs in advanced manufacturing &amp; lead state's innovation economy. http://t.co/blY8Vn7hsR,2,7
2015-08-21 17:19:31,At Prof. Dick Stein's 90th birthday symposium on polymer science&amp; engineering @SenStan honoring Prof Stein w/citation http://t.co/wVPX4bipAt,6,2
2015-08-17 15:09:40,"Beyond assimilation, American tapestry is woven by individuals. New letter in @BostonGlobe http://t.co/PAUSvAZUTh",5,8
2015-07-15 21:31:11,.@SenStan thanks for your leadership on this and many other issues that are critical to @UMassAmherst students  https://t.co/qbvMxtQnh8,10,4
2015-07-09 20:59:11,"Our community mourns the loss of poet and teacher James Tate, one of the most distinguished members of our faculty. http://t.co/DLA0PiF2fK",5,5
2015-06-26 12:21:27,"Welcomed President Yamaguchi of Japan's Hokkaido University, originally founded by Mass Aggie President Clark in 1876 http://t.co/PanZxJv1zE",7,1
2015-06-22 20:38:32,"Partnership with UMass Med. School, Baystate Health to complement UMass Amherst’s health initiatives in Springfield. http://t.co/YA6o3FJPZU",3,2
2015-06-06 16:02:43,More than 400 alumni on campus for Alumni Weekend and 50th reunion. Go @AlumniUMass,5,2
2015-06-03 23:26:42,At the @UMassAmhHillel recognizing alumni Pam and Bob Jacobs for their generous support. http://t.co/Bp6afe5IGP,4,2
2015-06-02 13:05:27,W/vice chanc. Sudhir Sopory of Jawaharlal Nehru Univ. for 3-day Climate Change Research wkshp. here. http://t.co/vI7X5591rv,4,0
2015-05-25 16:07:20,"The Globe says: only 1554 UMass license plates sold. I say: only 1,500 more to Go @AlumniUMass Go UMass! http://t.co/ACIg5CueEy",30,22
2015-05-23 12:31:56,Beautiful day on the CT river with @UMassRowing. Good luck in NCAA tourney. http://t.co/QJxrRp5JhJ,19,8
2015-05-14 18:39:02,Honoring our own Hannah Weinronk as the @UMassAmherst recipient of #29WhoShine15 along w/ @MassGovernor @MassDHE http://t.co/t2FcdJJxs9,22,4
2015-05-09 17:12:16,Congratulations to all of our 2015 @UMassAmherst graduates! Give yourself a round of applause.  #umass2015 http://t.co/2EZ6WOSAl1,3,1
2015-05-09 14:46:52,How excited was Neil deGrasse Tyson @neiltyson to receive his honorary degree from @UMassAmherst ? #umass http://t.co/Libt1LiIVZ,33,16
2015-05-08 19:03:05,Congratulations to the Graduate School Class of 2015! We celebrate your accomplishments. #umass2015 http://t.co/80D3cyvVbW,13,8
2015-05-06 16:28:46,Welcoming newly-elected UMass President Marty Meehan to campus today for a meeting with our students. http://t.co/9wgPaQxOxR,6,2
2015-05-06 11:08:06,With Ernie May at yesterday's reception paying tribute his long and distinguished service as Faculty Senate Secretary http://t.co/TcwfH6Wha5,2,0
2015-05-03 16:58:33,"With visiting Computer Science alumnus Dr. Wei Zhou, Rector of the University of Macau @umasscs http://t.co/jcsIUxsOoI",2,1
2015-04-30 15:19:07,Working with Amherst Town Manager John Musante to keep the positive town-gown momentum going. http://t.co/Ksot1fc1FK,3,0
2015-04-27 17:45:14,"Our hearts go out to all affected by the earthquake in Nepal, including our students, faculty &amp; staff from the area https://t.co/EDo8sghrFN",11,5
2015-04-25 18:17:07,Welcoming over-flow crowd to #tedxamherst w/ @radiosue from @wfcr885. Connecting the community to the power of ideas. http://t.co/L1qXNFlNAr,9,5
2015-04-22 17:26:27,"With distinguished alum Jack Welsh &amp; Suzy Welch, meeting with students. They are great supporters of @UMassAmherst. http://t.co/B3MMsheDXd",3,2
2015-04-15 19:29:46,"British Consul General in Boston Susie Kitchens, left, Provost Newman &amp; I on campus today. We seek more collaboration http://t.co/sl1izpu4ug",4,3
2015-04-12 11:44:29,"At @UMassDining Dash &amp; Dine 5K race to benefit Amherst Survival Center, with Sen. President @SenStan Rosenberg '77 http://t.co/Yd9Bi2cJqw",10,8
2015-04-10 15:10:32,At Springfield reunion of University Without Walls w/UMass Trustee Henry Thomas &amp; alumni Orlando Ramos and Katy Abel. http://t.co/jgo9NRXJFo,2,2
2015-04-08 18:44:12,With @RepMcGovern announcing major @USDA grants for @UMassAmherst http://t.co/IjQqaCkqkR,4,3
2015-04-02 16:26:27,With Maj. Gen. Scott Rice at visit to Barnes Air National Guard Base in Westfield. UMass looks to more collaboration. http://t.co/j3TRYp3pxf,3,3
2015-03-27 18:28:18,Shooting promo for #UMassGives. Support your university during our online campaign Apr 29-30 http://t.co/JMVmDM5uJ4 http://t.co/5ZgQIx8Zkr,2,2
2015-03-24 19:47:09,Welcoming @UMassADBamford as new director of athletics. He checked all our boxes. http://t.co/vCDkjvCZQ5,7,3
2015-03-21 01:06:50,Celebrating UMass's great friend Senate President @SenStan #mapoli http://t.co/9CLMC4VJ6G,23,10
2015-03-08 12:41:10,Proud of our @UMassAmherst students for celebrating responsibly this weekend. Great cooperation from town. Go UMass! http://t.co/vOpsyy9vZh,104,53
2015-03-07 01:21:52,Welcoming @MassLtGov to kickoff @UMassUWiL conference.  Lt Gov Polito great role model for @UMassUWiL future leaders http://t.co/fdr479c2Vd,4,4
2015-03-03 22:19:53,With our own Executive Chef Willy Sng at Hampshire D.C. Celebration of UMass as Princeton Review's Best Campus food. http://t.co/daKNmjV3I5,17,8
2015-02-27 12:29:27,"DC w/ @RepEdRoyce, Chair, House Foreign Relations Comm, advocating for role of education as tool for public diplomacy http://t.co/LpV7JBMvK9",2,0
2015-02-23 14:42:44,Our undergraduate students rock. These ECE students (with Prof. McLaughlin) were highlighted at admissions reception. http://t.co/JSU8O4INVO,3,2
2015-02-21 16:40:10,W/student speaker Chelsea Lawson @ reception for admitted students. -15 degrees doesn't deter our students. Go UMass! http://t.co/XN4xrz7HyX,5,0
2015-02-20 15:11:53,"Alumnus,Trustee Chair Victor Woolridge visited w/ students Feb 19 &amp; attended 34th annual @UMassAmherst Jazz Showcase http://t.co/76a2vPX1ut",4,2
2015-02-13 13:02:41,Taping for the White Ribbon Pledge event at March 4 men's basketball game. http://t.co/jJ7WtaY6ny,3,1
2015-02-12 17:56:23,With Prof. Max Page who delivered the Distinguished Faculty Lecture last night. http://t.co/bS1bQevPpO,3,3
2015-02-09 18:29:59,I now know what makes New Englanders such a hardy bunch!  Stay warm and wait for the Sun to come out. Go UMass! http://t.co/kwEriTYVw6,142,136
2015-02-09 16:59:51,"Kudos &amp; thanks to UMass Residence Hall, Dining, Snow Crew, Police, etc. who take care of our students snow or shine. They are the best!",42,14
2015-02-09 05:38:03,"Saturday I met with the @AlumniUMass Board of Directors. My thanks to their dedicated service!
Get involved - http: http://t.co/BjWxJlj0Tk",7,6
2015-02-05 18:03:16,Met with members of the Chancellor’s Student Advisory Council this morning.  An awesome group! http://t.co/OusOSOOX0x,3,1
2015-02-02 17:18:00,Congrats #Pats --  Proud of our @UMassAmherst students who celebrated last night at Southwest without incidents.,115,50
2015-02-01 12:04:12,Celebrating #UMass men's basketball victory over Saint Louis with alumnus Richard Mahoney. Go UMass! http://t.co/4znzPdBlUW,18,2
2015-01-31 20:37:34,In St. Louis with @UMassAmherst alumni waiting to root for the #Minutemen playing against SLU Go UMass! http://t.co/CPAjqqtlgt,13,5
2015-01-27 20:27:26,"Proud of alumnus Victor Woolridge, appointed Chair of UMass Board of Trustees by Gov. Baker. http://t.co/RlAh6PvjKK",4,5
2015-01-22 22:07:20,Welcome back to @UMassAmherst for the spring 2015 semester!  Go UMass!  http://t.co/Di326BactH via @YouTube,9,5
2015-01-22 19:39:17,Also had pleasure of meeting with @RepRichardNeal - a strong supporter of @UMassAmherst and our role as the Flagship http://t.co/Z7bscd4PUO,1,0
2015-01-22 14:55:18,Always a pleasure to meet with @RepMcGovern in DC he is great advocate for @UMassAmherst &amp; access to higher education http://t.co/haqhQvXm6V,8,6
2015-01-16 21:42:17,Recording video welcoming everyone back to @UMassAmherst for spring 2015. Watch for the video next week. Go UMass! http://t.co/91elD4nCE7,9,2
2015-01-07 21:33:26,"With the Pride and Class of New England at @MassGovernor ""Lone Walk"", spreading UMass Pride! #GoUMass http://t.co/I6Uqx5F7zt",8,7
2015-01-07 16:21:57,Honored to be in the Senate Chamber for the election of our friend and our alum @SenStan as Senate President! http://t.co/Z5tneACZkX,11,7
2014-12-24 19:39:55,My honor to help welcome home 747th MP Company &amp; 211th MP Battalion @TheNationsFirst thank you to all who serve http://t.co/1rvepacPiS,4,0
2014-12-23 22:23:45,Happy holidays to all and best wishes for the new year!,9,3
2014-12-19 23:14:53,Excited our campus will be partners with Westover AFB.  Thanks to @MassGovernor @RepRichardNeal for their leadership http://t.co/0KZ2pjYp6k,1,5
2014-12-18 14:23:08,"Statement on UMass President Robert Caret’s return to the University of Maryland System:
https://t.co/qNby3U1hiV",2,2
2014-12-16 17:54:33,Thank you to all the UMass Amherst students who helped manage public events at Hillside this semester. http://t.co/zoYSCfHaHc,3,2
2014-12-13 22:29:59,With sports attorney Jay Fee '77 of  @NelsonMullins at #UMass men's basketball game vs. Canisius #GoUMass http://t.co/aJHiR70sbc,1,0
2014-12-12 17:59:34,Meeting with the @OITumassamherst Leadership team. They are fueling innovation on campus. http://t.co/R4KKsYVMfj,9,6
2014-12-12 16:30:35,Meeting with @UMassUWW students and @rcaret in Springfield. The students told us that UMass has changed their lives. http://t.co/EZ3pIerZeQ,4,5
2014-12-11 20:28:26,Honoring Professor Melinda Novak for her nearly 20 years as head of the @UMassAmherst Psychology Department. http://t.co/10MUDuqg8A,2,3
2014-12-11 00:17:08,"At the Academy for New Legislators, hosted at UMass Amherst, with House Speaker Robert DeLeo. http://t.co/b9a5dtgo5r",5,1
2014-12-09 16:33:33,With journalism chair Kathy Forde at Integrative Learning Center ribbon-cutting. http://t.co/eHOpuRLJGo,2,0
2014-12-07 20:11:13,At the exciting @UMassBasketball FGCU Hall of Fame Holiday Showcase game in Springfield. Go UMass! http://t.co/tjFzKTajtQ,12,7
2014-12-03 20:28:24,Listening to @umassamherst ICONS students explain their research to Gov.-elect Charlie Baker. http://t.co/DUElvcirXn,0,0
2014-12-03 20:23:42,Chatting with the press about the governor-elect's visit. http://t.co/ZJE6p4ExP5,2,1
2014-12-03 19:20:20,Welcoming Gov.-elect Charlie Baker to the Commonwealth's flagship campus. http://t.co/86eWozeJcY,4,1
2014-12-02 00:12:32,With MA Sec. of Housing &amp; Economic Development @MassEOHED Greg Bialecki at BHEF Cybersecurity Conference in Boston http://t.co/idGtGeRIja,1,1
2014-12-01 16:05:41,Please support our students who organized and will be attending 1pm gathering today in response to #ferguson events http://t.co/FAGVfBF8do,6,6
2014-11-28 20:08:39,With Victor Cruz @TeamVic at  @UMassFootball - Buffalo game. #GoUMass http://t.co/vBgaYx383q,13,5
2014-11-21 19:09:46,"Join me for the 3rd Annual National Cybersecurity Network Workforce Summit in Boston, Dec. 2 http://t.co/gO6KkfDaJq http://t.co/26slu2aOc0",2,2
2014-11-17 20:38:21,"Honored to host @MassGov, @EPA &amp; state officials anncng $4.1 mil to UMass for water research http://t.co/49qarUCtUw http://t.co/lk9SqL2QYR",3,4
2014-11-16 22:13:48,With alumnus and supporter Marty Jacobson at the UMass-BC basketball game at TD Garden. Go UMass! http://t.co/D5fIekUmFm,10,2
2014-11-16 17:05:31,"Check out the the intercultural a capella group UMass ""Rang"" (it means color in Hindi). http://t.co/HZ48Xl08lM",11,10
2014-11-15 00:31:24,A great time @UMassCommonRead Recognition Reception! http://t.co/2VM3FsT9Nu,9,4
2014-11-13 02:54:45,A great night in Amherst at @UMassFootball game w/ Town Manager John @AmherstMusante &amp; Asst Town Manager David Ziomek http://t.co/3ZsXsB3b0J,3,2
2014-11-10 17:38:26,With @amilcarshabazz and Leopoldo Gomez-Ramirez at our campus radio station @wmua. http://t.co/xtZnUDEPI0,2,1
2014-11-07 19:45:04,Visited with Cance Hall resident students for a wide ranging discussion. Very impressive group. http://t.co/ogJU8YC4ok,8,4
2014-11-04 14:40:03,Please don't forget to vote! http://t.co/khB7yFHivv,17,20
2014-11-03 14:15:59,Had a great visit with our students and Fr. Dailey at the Newman Center. I am truly proud of them! http://t.co/IAFZ4KWWCR,5,2
2014-11-02 13:49:41,Happy Halloween at the Berk hosted by @umassdining -- the best in the country. http://t.co/nct4r2BKbR,6,1
2014-11-02 13:45:41,With Prof. Arthur Kinney at the Center for Interdisciplinary Renaissance Studies Banquet. http://t.co/LU7Wdh3S3g http://t.co/Ezo9vdhuZf,10,5
2014-10-31 12:03:51,"Proud to welcome alumnus Daniel Riccio, '86, Sr. VP for Hardware Engineering at Apple Inc. and wife Diane. http://t.co/xvhsQtZ9ye",0,0
2014-10-29 01:06:15,"Had an incredible dinner with students at 382 N Pleasant (Keno). Mike, the chef, is terrific. http://t.co/ioEHg4309E",82,45
2014-10-22 20:10:14,"Sigma Phi Epsilon fraternity reception in Boston w/Bob Mahoney, Pres. Belmont Savings, &amp; Kathleen Mahoney, both '70. http://t.co/MmBBTYNgXt",3,1
2014-10-21 18:09:23,Visited @HarvardHBS Business Dean Nitin Nohria to learn his perspectives on business education. http://t.co/crExoIGJmY,1,0
2014-10-20 18:19:23,"Our internationalization work continues apace, with a visit from Israeli Consul General Yahuda Yaakov. http://t.co/X75QzqTNUt",2,2
2014-10-19 13:14:26,Another win for our football team! Enjoying the EMU game at Gillette with Isenberg alums. http://t.co/3oAwLxPk37,6,1
2014-10-17 18:59:53,"Korean Consul General Ohm Song-jun visiting our campus, which has a strong relationship with the Republic of Korea. http://t.co/UBsmwkVE87",2,1
2014-10-03 17:29:20,A mesmerizing evening by our talented student ensembles at last night's UMass Multiband Pops concert.,6,1
2014-10-02 14:23:23,Stay healthy! Prepare for the flu season. Follow my lead and get your flu shot early! http://t.co/bCkTsI6xwF,12,13
2014-09-27 20:24:40,With President Mary Ellen Meazy @PresidentMazey of Bowling Green State University at today's football game. Go UMass! http://t.co/pXafJz9BTP,1,0
2014-09-27 18:59:23,Greeting the Homecoming Court at #UMassHomecoming. Great representatives of UMass Amherst! #GoUMass http://t.co/VQtp8PKdWC,2,0
2014-09-27 16:20:32,Happy Homecoming!  Beautiful day marching in Homecoming Parade through downtown Amherst with @SenStan Go UMass! http://t.co/aDYZ8arARY,6,3
2014-09-24 18:29:02,Checked out the new NEPR/WFCR facility in downtown Springfield with GM Martin Miller. The old bank vault is awesome! http://t.co/gQtshUx5UY,1,1
2014-09-24 15:56:17,At grand opening of UMass Center at Springfield promoting new collaboration and programs for the future. http://t.co/DrHiQKNLDK,0,1
2014-09-23 22:56:45,.@KClarkCongress who stands for everything@UMassUWiL is about.  Thank you Congresswoman for your support#UMassAmherst http://t.co/YVLCIP0XZM,3,5
2014-09-23 22:44:59,Honored to be joined by @maura_healey at @UMassUWiL kickoff event in Boston#UMassAmherst http://t.co/i0EwILWgdc,3,7
2014-09-23 22:43:43,At @UMassUWiL with LG Candidate @stevekerrigan http://t.co/aLJGFiLjPo,3,2
2014-09-23 18:42:24,Attended a very interesting talk on The Art of Invention by Bob McWright of our Technology Transfer Office. http://t.co/mAAODxGwdT,1,1
2014-09-21 14:20:56,Had a great session at the training session for newly elected student senators at 9 am on Sunday! http://t.co/sALzMUC6yg,3,1
2014-09-16 23:46:10,On the Lowell campus with UMass Amherst student Trustee Sara Freudson. Our student leaders rock! http://t.co/lk06LzAtKl,1,1
2014-09-16 02:56:31,"Prof. Robert Rothstein given Polish Order of Merit. W/Consul Lesniewski-Lass, Prof.&amp;Mrs. Rothstein, Michael Leavy '77 http://t.co/d2eD1ZFTYE",1,0
2014-09-15 17:50:42,Meeting with Board of PHENOM (Public Higher Education Network of Massachusetts) to strategize on legislative agenda. http://t.co/NLsDFjBJJU,3,3
2014-09-13 20:37:08,"Tough loss, but what an exciting game! Very encouraged by progress of @UMassFootball under @CoachWhipUMass! #GoUMass! http://t.co/VbUwdWsHAD",12,16
2014-09-13 01:40:41,In Nashville with alumni and boosters ready to root for the Minutemen tomorrow! #GoUMass! #VanquishVandy! http://t.co/Ep1kdf44Om,10,11
2014-09-11 22:47:47,Honored to host dinner at the Chancellor's house for South African freedom fighter Justice Albie Sachs. http://t.co/0dc1dOXiIQ,1,2
2014-09-11 19:47:34,"Great visit on campus with John Stuart of tech solutions firm PTC in Needham, which employs a number of our grads. http://t.co/UGymE6FOem",1,2
2014-09-11 15:20:29,"Flags are lowered to half-staff today on the UMass campus to commemorate the anniversary of attacks of Sept. 11, 2001 http://t.co/9D4w1zWpyM",5,4
2014-09-09 19:08:07,Today is Primary Election Day in Massachusetts. Remember to exercise your right to #vote  #ElectionDay http://t.co/I0FLRXTZLq,12,12
2014-09-09 13:54:09,Proud to cut the ribbon for the renovated Blue Wall with SGA President Vinayak Rao and Vice Chancellor Jim Sheehan. http://t.co/W65yomvvFx,12,6
2014-09-08 21:09:04,Steve Vinter PhD '85 is Engineering Dir. @google - Boston &amp; a big UMass supporter. W/ CNS Dean Goodwin. @stevevinter http://t.co/oE6qw1tkJS,5,1
2014-09-07 22:24:26,Glad to share the afternoon celebration at NEPR's new Springfield studios with alumna Audie Cornish of NPR. http://t.co/ck83rtRSFl,2,1
2014-09-07 22:21:42,At the opening of the new NEPR studios in Springfield with Mayor Domenic Sarno and Anne Garrels of NPR. http://t.co/ZV0Iu9cQSc,2,0
2014-09-07 14:10:01,@KSubbaswamy .,5,2
2014-09-06 22:52:50,Proud to share today's incredible Minuteman football game with UMass President Robert Caret. http://t.co/l1X7IyXJ6F,3,0
2014-09-06 21:28:41,"With Mark Buffone '96, Patrick Murphy '96, Tom Szumita '96, Colin Confoey '96 frm 1995 A10 champ UMass x-country team http://t.co/FYY1wgTuXe",1,0
2014-09-06 21:15:11,"Enjoying a great visit with my counterpart at Colorado, Chancellor Philip P. DiStefano. http://t.co/mTwEIsJXwd",1,1
2014-09-05 16:44:24,Sharing good news about UMass w/  alumni bus. leaders at event hosted by @JoslinCEO John L. Brooks III '72. Photos: http://t.co/mUdjJJfR4j,0,1
2014-09-04 21:54:14,"Welcome all students, faculty and staff to the UMass Amherst campus for the 2014-15 academic year.  http://t.co/b3EoMYlm0h",6,9
2014-09-01 22:37:57,"Speaking with the press after UMass set a record serving 3,003 clambakes World's Largest Clambake http://t.co/eaxBr8d8tS",4,0
2014-09-01 20:56:21,"Serving World's Largest New England Clambake, celebrating local food and UMass commitment to sustainability http://t.co/ElxvxKtvpt",9,5
2014-09-01 19:25:24,"Honored to meet US Navy Capt.Thomas J. Hudner, a Medal of Honor recipient who was recognized at UMass football game. http://t.co/RgOujkuLe6",3,2
2014-09-01 15:36:07,"More from Sat. at Gillette Stad. Here w/ Cathleen Moynihan, Sr. VP at Mapfre Insurance -- a great supporter of UMass! http://t.co/K5YAWYhARI",1,1
2014-09-01 14:58:42,"Celebrating move-in day Friday with first-year students, student volunteers and families at Kennedy Hall. Video at http://t.co/FzZWIfTES2",0,1
2014-08-31 18:56:10,"This student bought a lot of things at our ""New2U Tag Sale"" recycling initiative. http://t.co/zPqzWm2bZ8 http://t.co/Dj0yUudeOV",1,0
2014-08-31 18:36:10,At Gillette Stadium with Trustee Chair Henry Thomas--a great supporter of UMass. http://t.co/WTdXKGLoxi,4,0
2014-08-30 22:15:37,Thank you to #UMassNation for your great support of @UMassFootball and congratulations to BC football on a good win this week.,11,7
2014-08-30 21:00:05,"Happy to be watching @UMassFootball with Bob MacWright, dir. of CVIP at UMass, John Kennedy '76G, &amp; Vice Chancellor Mike Malone #UMassNation",3,2
2014-08-30 20:37:39,With State Rep. John Scibak who is sporting UMass maroon at @UMassFootball - BC football. #UMassNation,0,1
2014-08-30 18:17:36,With @IsenbergUMass alumni entrepreneurs and Dean Fuller at @UMassFootball tailgate.  #GoUMass #UMassNation http://t.co/aTQCWCsLcl,10,9
2014-08-29 18:21:52,More excitement from move-in day.  Go UMass! http://t.co/c6zZSa8gQJ,3,3
2014-08-29 15:18:36,Meeting new students with Deputy Chancellor Feldman at Southwest Residential Area.  #umassmovein  #umass2018 http://t.co/0l5TuivHjJ,2,0
2014-08-29 14:42:57,Greeting new students and their families arriving at McGuirk Alumni Stadium for move-in day. #umass2018 http://t.co/UhPxhaXqmh,3,0
2014-08-29 14:11:30,Greeting students moving in at Kennedy residence hall #umass2018 http://t.co/mz3gZCAV76,7,5
2014-08-29 13:59:18,Lending a hand during campus move in.  Welcome new students! http://t.co/FsTToMUYjN,4,3
2014-08-28 23:03:11,Accepting the Ice Bucket Challenge from @mtholyoke President @Commish1837. Let's beat ALS! #icebucketchallenge http://t.co/emJOARBjdW,7,8
2014-08-28 20:24:39,Ice ready. Bucket ready.  Who is being challenged? Find out soon ... #BeatALS  #GoUMass http://t.co/gUoQi5pGhR,0,1
2014-08-27 16:42:00,At a rally in Boston to support @UMassFootball as we get ready to take on Boston College this Saturday at Gillette Stadium at 3pm,8,5
2014-08-27 14:44:53,"I am on Facebook, check it out and like my page! https://t.co/N4UdwfAIWV",2,2
2014-08-27 12:19:10,With my friend @repstevekulik at the Welcome Back Breakfast #umass http://t.co/1etbuo0NrY,1,0
2014-08-27 12:15:40,At the Welcome Back Community Breakfast with the power and class of New England @UMassBand #umass http://t.co/K9N3F1nQzR,3,1
2014-08-26 13:08:06,"Thrilled to welcome our incoming class of 2018, our smartest yet http://t.co/DbsHebo6JT",5,8
2014-08-07 14:54:23,"With Bob Epstein and host Jack Smith meeting with donors,giving back is essential to the future of UMA @UMassAmherst http://t.co/zGkuJDTb5I",4,0
2014-08-01 18:30:00,.w @SenWarren celebrating a great collaboration @CNS_UMass &amp; @GirlsIncHolyoke intro young women from Holyoke to STEM http://t.co/Su8FCWXZIu,8,8
2014-07-29 01:12:33,"On the ""green roof"" of the new Integrated Learning Center classroom building w @VCJKennedy Spectacular facility http://t.co/MM6FqZ6ieE",8,4
2014-07-25 21:02:10,Welcoming Dr Michael Dirr w@CNS_UMass a national tree expert &amp; alumnus to campus as he conducted a tour for experts http://t.co/zgwKadD86P,2,2
2014-07-18 21:56:35,My pleasure to welcome @MDARCommish to @UMassAmherst today to learn about @UMassSustain and commitment to local foods http://t.co/OAXCctUf6T,1,1
2014-06-14 13:07:12,Congrats to our alum @JonathanQuick32 on a second Stanley Cup victory @UMassHockey #umass,15,15
2014-05-30 02:09:22,Ran into some @UMassAmherst students in Tel Aviv along with @MayorWarren #umass http://t.co/JMVMF395El,24,7
2014-05-27 13:01:59,With @MassGovernor in Israel.  Strong international connections in global economy require academic partnerships #umass #maisrael,6,7
2014-05-09 13:26:34,"Speaking at graduate commencement this morning, the future leaders of the commonwealth. Congrats to grads &amp; families http://t.co/fTOAEPD9c6",7,0
2014-04-29 18:31:09,Show your UMass pride #UMassGives You give back! http://t.co/JMVmDLOrH4,2,6
2014-04-23 16:28:08,Thrilled to welcome @SteveGrossmanMA to campus #UMassAmherst http://t.co/BsMxL0sTuO,8,5
2014-04-14 13:08:56,Joining @RepMcGovern as he guest lectures in Prof Desmarais political science class #UMassAmherst http://t.co/jSaeHajr6i,1,5
2014-04-02 17:36:59,Glad to be joined by @SpeakerDeLeo He has been a great friend to our campus #UMassAlumni #UMassAmherst http://t.co/fKIH4nCDaK,6,6
2014-04-02 16:43:49,UMass choir group entertaining us! #UMassAlumni http://t.co/PhUGwob8Vc,11,7
2014-04-02 16:15:29,Excited to be at the Distinguished Alumni Awards @AlumniUMass at State House #UMassAmherst http://t.co/RYbT913x0W,2,2
2014-03-28 13:13:02,Great to have @MassAuditor on campus as keynote speaker to UMass Women's Leadership Breakfast #UMassAmherst,4,6
2014-03-16 22:34:31,Proud of @UMassBasketball  &amp; @CoachKellogg “@UMassAmherst: UMass 6th seed in Midwest region  http://t.co/npX3z6so9z”,39,38
2014-03-03 18:43:52,.@joekennedy speaking to our students on the importance of higher education and STEM education as a gateway to a brighter future #UMass,1,2
2014-03-03 18:33:25,Great to welcome @joekennedy to @UMassAmherst to hear about our work in STEM and our innovative ICONs students#UMass http://t.co/s4eR47AO6L,2,1
2014-02-18 18:24:39,.w/ @massEEA celebrating the first level 3 electric automobile charger in Mass at @umasstransit #sustainability http://t.co/LXN7zNW6VC,3,3
2014-01-31 22:01:18,@JamieEldridgeMA @UMassAmherst Our pleasure.  Thank you for your support for sustainability and for UMass,0,0
2014-01-31 19:37:18,Great discussion w @JamieEldridgeMA around our work on sustainability #mapoli #GoUMass http://t.co/jOdCB6cMbd,0,2
2014-01-29 18:07:16,My honor to welcome Sec Nee and @MassEducation to meet and chat with our student veterans.  #GoUMass http://t.co/32t0n9EWu7,0,2
2014-01-22 22:54:16,Welcome back to campus http://t.co/NUUaEVErSK,0,5
2014-01-22 20:05:13,Our students are having a great conversation w/ @SenWarren around student debt and academic efficiencies #GoUMass http://t.co/28IzAXYCby,1,2
2014-01-22 19:17:02,Thrilled to welcome @SenWarren to @UMassAmherst http://t.co/lm3EGWIbCJ,4,4
2014-01-14 18:32:59,Looks great.  Congrats Senator!“@SenStan: My new online office is officially live! Check it out http://t.co/Kb1c4toCvV #mapoli”,0,0
2014-01-14 16:30:19,Great day for @UMassAmherst @UMassAthletics @UMassFootball http://t.co/SQj0xP2eLT,12,13
2014-01-14 16:23:17,Welcome home @CoachWhipUMass #goUMass,7,13
2013-12-08 02:13:52,Big day for @UMassAthletics #goumass #umass150,12,4
2013-12-07 16:34:36,Cheer on our nationally ranked Minutemen men's basketball as it plays today in Springfield against BYU at 1:30 http://t.co/7sawSdYIID #UMass,4,7
2013-11-28 14:27:11,Turn to TV at 11:24 to see our band in front of the big red star of the parade #umassparade #GoUMass,12,28
2013-11-28 12:04:56,"Big morning! Wake up, put turkey in oven and watch YOUR UMass Amherst Marching Band in the Macy's Thanksgiving Day Parade #GoUMass",15,26
2013-11-24 16:02:53,+1“@TSannicandro: A civil rights &amp; social justice issue;open college 2students w/ intellectual disabilities  http://t.co/uI1dQ9BwEB #mapoli”,0,1
2013-11-21 01:44:18,Busy night.  Our vice chancellor Mike Malone receiving the BBJs Innovation All Star award #umass http://t.co/DZbt5aLcUz,0,0
2013-11-21 00:24:03,At Salute to Service honoring our alums and students who give back and make the Commonwealth a better place to live and learn #umassSalute,5,5
2013-11-04 19:14:52,And of course my car is maroon! “@AlumniUMass: @UMassAmherst @KSubbaswamy shows his #UMass #UMassLicensePlate! http://t.co/fc6malELkq”,21,14
2013-11-01 14:45:39,Proud to serve on task force w @TSannicandro to look at higher ed options 4 students w intellectual and developmental disabilities imp issue,0,1
2013-10-28 18:37:52,Honored to welcome supporters and friends from MA legis to campus to talk @UMassAmherst @repashe @apuppolo @deniseandrews among many others,1,2
2013-10-26 23:28:40,+1“@UMassAmherst: Thanks to all who turned out in Boston and Foxborough over the past two days to #Stand4UMass.”,1,3
2013-10-26 18:08:59,At taste of Amherst w great staff of @AlumniUMass.  Great time and great food before big homecoming game #goumass http://t.co/2MkZcwlLGy,3,3
2013-10-26 00:07:27,Getting ready for our #Stand4UMass band concert w our stage manager Brenda Cortina @BostonSymphony http://t.co/TDwwc0EkdL,3,1
2013-10-25 15:45:46,How good does this look!!! #Stand4UMass http://t.co/dBA3PZaoJM,18,27
2013-10-25 15:09:53,Thrilled to be joined by @TSannicandro Higher Education Committee chairman and a great partner for UMass to celebrate #Stand4UMass,0,0
2013-10-25 15:03:37,At State House with @SenStan Our Rep Ellen Story and many others celebrating 150 years of Innovation and Education #Stand4UMass,0,1
2013-10-25 12:57:45,Joined at Innovation Breakfast by @MarjorieDecker a proud alum and great supporter #Stand4UMass,1,0
2013-10-25 12:42:52,At UMass club w @StateStreet @Raytheon @MALifeSciences @WatersCorp celebrating our role in innovation economy #Stand4UMass,5,6
2013-10-24 10:58:18,We get up early at the Flagship!“@UMassAmherst: Chancellor Subbaswamy praising the Commonwealth's Flagship Campus http://t.co/Ht92oFHU44”,0,3
2013-10-22 16:49:49,thx to our advocates on Beacon Hill for their support of #Stand4UMass @SenStan @RepJenBenson @tomstanley4279 @jeffroy @RepPaulMark,3,3
2013-10-22 14:26:26,UMass Amherst 150th Flag in front of the MA State House.  Looking good!  #Stand4UMass #goumass http://t.co/ZaDS9e51G9,20,46
2013-10-21 23:55:34,Thx for the support Rep“@tomstanley4279: The State House salutes the many wonderful students from UMass: http://t.co/K3PKwmLeB0,1,6
2013-10-19 18:18:19,Celebrating our agriculture roots #goumass http://t.co/eZRLoiuQot,1,0
2013-10-19 17:03:18,Great day for UMass. At the ribbon cutting for the comm honors complex w/ @malachi70 @SenStan  @KatherineCraven http://t.co/XZtajywvUB,2,2
2013-10-19 14:44:48,Our world class band dazzling everyone at the donor appreciation breakfast #goumass #Stand4UMass http://t.co/4c2UYRjrbN,3,3
2013-10-16 13:12:12,Friday October 25th we are bringing UMass Amherst to Boston.  Help us paint the city maroon http://t.co/eanZ4Wmr2n #Stand4UMass,1,4
2013-10-15 16:52:21,Celebrating a great pub/priv partnership between @StateStreet &amp; @UMassAmherst with @SenStan @rcaret @malachi70 http://t.co/8OQwNbyjP8,3,2
2013-09-24 19:45:44,Enjoyed welcoming @RepMcGovern to campus today to learn of sustainability efforts on campus he is a nat leader and we are well rep'd in DC,2,3
2013-07-12 20:02:27,"Big news on campus, no tuition or fee increases next year! Thanks to @MassGovernor, @SenStan and our many supporters http://t.co/Y1RYZLNA2q",17,21
2013-06-06 16:47:34,Honored to welcome @SenStan to our celebration today.  He is a huge part of all our successes.  Thank you Senator!,1,0
2013-06-06 16:20:53,Welcoming @MassGovernor with @malachi70 @rcaret http://t.co/s0l4TzQo74,1,2
2013-06-06 16:14:26,Huge day for UMass Amherst as we welcome @MassGovernor and @MALifeSciences to The Pioneer Valley for a big announcement,0,3
2013-04-29 21:51:21,It was outstanding!“@AlumniUMass: @KSubbaswamy enjoys some @UMassAmherst #UMass150 cake - happy birthday UMass! http://t.co/5MFND3B20G”,2,2
2013-04-29 18:39:45,"UMassGives is off to a great start, let’s keep it going! $19,103 in just 2 hours! Visit http://t.co/Y2E4ldEEvf now! #goUmass #umassgives",1,3
2013-04-29 15:49:33,Happy birthday UMass!! #goUmass #freecake http://t.co/vicWF95JEG,3,9
2013-04-29 11:03:18,We will start off day with a breakfast honoring our wonderful staff whose hard work and dedication make UMass Amherst run!  #goUmass,1,2
2013-04-29 11:00:25,"Happy Founders Day.  Celebrating 150 years of education, service and innovation at UMass Amherst #goUmass",4,17
2013-04-26 15:25:26,At football groundbreaking with great friends @SenStan @malachi70 @rcaret @KatherineCraven @SamTheMinuteman http://t.co/DJpR3kJxFq,1,6
2013-04-26 14:34:25,"Then following it up this afternoon with ground breaking on Champions Center, a new world class basketball practice facility #goUMass",1,5
2013-04-26 14:32:38,Big day on campus.  Starting off with construction celebration of football center and press/sky box complex,2,6
2013-04-25 18:37:22,Please consider donating to #UMassGives.  Help us celebrate 150 years of UMass by showing your maroon pride #goUmass http://t.co/Mu2GfUV3T2,3,3
2013-04-24 22:11:29,Watch our grad student Thomas Herndon on @ColbertReport. #goUMass http://t.co/yt58Eb9Mhc,5,5
2013-04-21 18:44:39,Check out today's Boston Globe for an insert celebrating our sesquicentennial  #goUmass http://t.co/rX2tJEOmp9,1,4
2013-04-18 17:25:11,Please join tonight as UMass Amherst shows its love and support to the victims of the Marathon bombings #bostonstrong http://t.co/CiNrSO59fx,2,10
2013-04-11 13:21:32,A lot to be excited about in House budget.  Public higher education funding is top priority of House leadership. http://t.co/xin1xx7Ep9,0,3
2013-04-03 16:19:47,Joined by some great friends at the Distinguished Alumni Awards @SenStan and Chairman John Scibak #UMass http://t.co/Cd9xQXQvak,1,5
2013-04-03 16:18:19,Thrilled to honor @RepRichardNeal at our Distinguished Alumni awards at the State House.  Great friend and great advocate @AlumniUMass,3,3
2013-03-29 00:17:19,Please welcome @senstan Senate Majority Leader and our wonderful State Senator Stan Rosenberg to twitter.  A great advocate for the campus!,3,4
2013-03-27 14:10:20,Unfortunately @MassGovernor had to postpone the event scheduled for tomorrow.  We look forward to rescheduling it soon.,0,0
2013-03-27 01:53:37,Please join @MassGovernor Thursday at noon in Student Union Ballroom to hear about his budget and support for UMass http://t.co/s5AOc2sesc,1,8
2013-03-03 00:21:41,"Public higher education lobby day is this Tuesday, March 5th, with @MassGovernor.  The time is now! #goUMass #signup https://t.co/0XIenOfsTQ",0,4
2013-01-09 22:55:33,Thrilled to announce the appt of @amilcarshabazz as the Faculty Advisor for Diversity and Excellence. UMassAmherst is committed to diversity,2,3
2013-01-09 20:43:45,I am committed to @UMassFootball  at the FBS level.  It will be a source of pride for UMass for years to come #GoUMass http://t.co/cllyP0EJ,7,37
2012-12-20 18:47:11,Tomorrow@9:30AM UMass Amherst will observe a moment of silence followed by 26 rings of chapel bell in remembrance of victims of SHES tragedy,0,3
2012-11-21 19:52:22,"I am thankful for the students, faculty, staff, alums &amp; friends that make UMass Amherst a great place to live and learn. Happy Thanksgiving!",1,10
2012-11-19 19:18:42,UMass Amherst is thrilled to be hosting a symposium on building just and sustainable communities in honor of @RepJohnOlver.,1,1
2012-11-15 12:05:47,"Special thanks to @buckinboston
 who did a wonderful job MCing our Salute to Service awards last night in Boston.",0,0
2012-11-15 01:51:46,"Hosting 1st annual Salute to Service in Boston honoring Liz Walker, Bob Littleton and Robert Kraft.  Service matters at UMass! #GoUMass",0,2
2012-11-13 17:09:55,UMass 67- Harvard 64 @MassGovernor @rcaret #luckycharms http://t.co/H0n9t2tF,1,4
2012-11-13 14:58:43,Cheering on UMass Basketball v Harvard w @MassGovernor @rcaret I assure you @MassGovernor  is wearing maroon and not crimson,2,9
2012-11-10 23:53:52,Thrilled for @CharleyMolnar and @UMassFootball on their first FBS and MAC win #GoUMass,2,8
2012-11-09 22:37:57,Attended Veteran's Day ceremony outside Memorial Hall this evening. We are grateful to and proud of the UMass military families.,1,3
2012-11-02 13:51:45,Looking forward to cheering on @UMassHockey tonight vs. UNH with @rcaret.  Come by and say hello #goUMass,1,2
2012-10-27 02:00:49,Enjoyed talking #mapoli #UMassAmherst and #westernma with our friends in the legislature including @BenjaminDowning @RepPaulMark &amp; others,0,1
2012-10-21 11:45:43,Here is how to get your own UMass license plate http://t.co/WfT6cYvl #ridinginstyle,0,3
2012-10-21 11:44:56,"With @rcaret picking up our license plates at football game, great way to support UMass Alumni Association http://t.co/rS3CjdIl",0,1
2012-10-21 11:39:45,"Despite the score, had a great time at Gillette Stadium watching the homecoming football game @UMassAthletics @UMassFootball",1,2
2012-10-18 20:32:08,"Congrats to @CharleyMolnar and @UMassFootball, awesome way to reward two hard working student/athletes #gavemechills  http://t.co/KrXTlnNe",3,7
2012-10-12 19:15:18,Good luck @UMassHockey @CoachMicheletto opening up season tonight v UConn at Mullins at 7pm.  It's hockey weather #frozenpond #UMassAmherst,1,4
2012-10-12 16:00:30,"Many great things on campus this weekend as we welcome the families of our students to Amherst, one of the best college towns in America",1,0
2012-10-10 14:28:28,Looking forward to tonight's senate debate UMass is co-hosting in Springfield.  Western MA is vital to economic future of Commonwealth,0,2
2012-10-04 19:17:48,Honored to attend the swearing in of John Horvath as new chief of UMass Police Department.  #UMassAmherst http://t.co/ZtvcOUcG,0,1
2012-10-03 16:47:25,Thrilled to be touring our Cranberry  station in Wareham with @theresemurrayma and @rcaret #freshcranberryseason http://t.co/4w5Wr3zt,0,2
2012-10-01 18:16:38,The Zucchini bread is a MUST #farmtotable http://t.co/mkfjG21l,1,0
2012-10-01 18:14:58,With @rcaret and Senator Stan Rosenberg touring the Czajkowski Farm and hearing about UMass student farm initiatives http://t.co/LqXg5w8C,1,2
2012-10-01 12:25:17,Proud to be joining @rcaret on a bus tour to show the economic value of UMass to the entire state http://t.co/GxuKTWUU via @BostonDotCom,0,1
2012-09-27 16:49:53,UMass students can get experience @statestreet thanks to new program @BostonGlobe: http://t.co/JAF7BaxQ Public/Private partnerships matter!,2,4
2012-09-20 14:56:37,Thrilled to join @MassGovernor @MassEducation at the State House to discuss the important future of public higher Ed in Massachusetts#UMass,0,4
2012-09-14 21:17:53,"Spoke at Faculty Convocation today with message of innovation, integration,
and impact as the hallmarks of our campus.",0,1
2012-09-13 23:05:20,Excited to be at the Amherst Block Party.  Amherst is a great partner in all our success. #UMassAmherst #towngown,0,1
2012-09-11 19:43:32,We will never forget.  UMass ROTC students standing vigil this morning.  9/11 remembrance #neverforget #UMass http://t.co/xedjdYfD,1,4
2012-09-08 18:24:01,Pretty good seat for the game with a great friend of UMass!!! #GoUMass #BillCosby #ItsOn http://t.co/gPl84fx7,2,4
2012-09-08 18:22:41,Pretty good seat for the game with a great friend of UMass!!! #GoUMass #BillCosby #ItsOn http://t.co/03QEHJm7,0,3
2012-09-06 11:04:49,News of UMass latest Guiness World Record has gone international!  Check out even more impressive achievements at https://t.co/CEUFnRBW,1,1
2012-09-04 15:12:08,"Attended my first ""UMass Welcome Back"" barbecue yesterday.  The Dining Crew set another Guiness record:  largest sea food stew!  Go UMass!",1,2
2012-09-01 14:02:20,Met other Five Colleges consortium presidents.  What added value to all our students!  Unique benefit. Go UMass!,0,0
